0,13,{}
0,27,{}
0,55,{}
0,124,{}
0,234,{}
0,208,{}
0,209,{}
0,109,{}
0,239,{}
0,132,{}
0,123,{}
0,60,{}
0,67,{}
0,78,{}
0,69,{}
0,21,{}
0,111,{}
0,229,{}
0,238,{}
0,128,{}
0,152,{}
1,5,{}
1,20,{}
1,40,{}
1,58,{}
1,111,{}
1,147,{}
1,150,{}
1,211,{}
1,222,{}
1,223,{}
1,224,{}
1,203,{}
1,75,{}
1,83,{}
1,229,{}
1,159,{}
1,235,{}
1,124,{}
1,45,{}
1,238,{}
1,109,{}
2,225,{}
2,249,{}
2,107,{}
2,113,{}
3,7,{}
3,24,{}
3,53,{}
3,96,{}
3,105,{}
3,108,{}
3,119,{}
3,126,{}
3,138,{}
3,154,{}
3,164,{}
3,169,{}
3,188,{}
3,215,{}
3,230,{}
3,51,{}
3,172,{}
3,31,{}
3,117,{}
3,237,{}
3,84,{}
3,65,{}
3,219,{}
3,112,{}
3,165,{}
3,29,{}
3,232,{}
3,10,{}
3,77,{}
4,18,{}
4,32,{}
4,36,{}
4,67,{}
4,80,{}
4,87,{}
4,89,{}
4,123,{}
4,184,{}
4,190,{}
4,214,{}
4,223,{}
4,109,{}
4,50,{}
4,139,{}
4,181,{}
4,122,{}
4,239,{}
4,111,{}
4,124,{}
4,13,{}
4,55,{}
4,162,{}
4,170,{}
4,210,{}
4,83,{}
4,59,{}
4,236,{}
4,132,{}
5,21,{}
5,22,{}
5,26,{}
5,40,{}
5,95,{}
5,155,{}
5,176,{}
5,198,{}
5,153,{}
5,236,{}
5,13,{}
5,209,{}
5,20,{}
5,216,{}
5,136,{}
5,173,{}
5,55,{}
5,69,{}
5,189,{}
5,222,{}
6,8,{}
6,30,{}
6,33,{}
6,65,{}
6,86,{}
6,104,{}
6,117,{}
6,158,{}
6,226,{}
6,243,{}
6,15,{}
6,160,{}
6,39,{}
6,7,{}
6,157,{}
6,197,{}
6,14,{}
6,35,{}
6,31,{}
6,248,{}
6,41,{}
6,116,{}
6,120,{}
7,16,{}
7,28,{}
7,41,{}
7,54,{}
7,77,{}
7,98,{}
7,108,{}
7,112,{}
7,120,{}
7,142,{}
7,172,{}
7,193,{}
7,196,{}
7,230,{}
7,232,{}
7,241,{}
7,244,{}
7,247,{}
7,91,{}
7,179,{}
7,160,{}
7,245,{}
7,104,{}
7,213,{}
8,12,{}
8,29,{}
8,39,{}
8,53,{}
8,63,{}
8,66,{}
8,70,{}
8,91,{}
8,104,{}
8,133,{}
8,140,{}
8,141,{}
8,160,{}
8,165,{}
8,179,{}
8,180,{}
8,220,{}
8,230,{}
8,11,{}
8,28,{}
8,171,{}
8,73,{}
8,31,{}
8,135,{}
8,98,{}
9,16,{}
9,30,{}
9,38,{}
9,41,{}
9,65,{}
9,77,{}
9,104,{}
9,110,{}
9,116,{}
9,140,{}
9,146,{}
9,187,{}
9,196,{}
9,221,{}
9,241,{}
9,117,{}
9,244,{}
9,192,{}
9,160,{}
9,54,{}
9,180,{}
9,118,{}
9,213,{}
9,212,{}
9,168,{}
9,66,{}
10,15,{}
10,25,{}
10,34,{}
10,42,{}
10,73,{}
10,86,{}
10,108,{}
10,112,{}
10,116,{}
10,118,{}
10,206,{}
10,212,{}
10,213,{}
10,240,{}
10,65,{}
10,168,{}
10,158,{}
10,219,{}
10,197,{}
10,115,{}
10,232,{}
10,135,{}
10,92,{}
10,121,{}
10,244,{}
10,237,{}
10,165,{}
11,16,{}
11,104,{}
11,108,{}
11,112,{}
11,116,{}
11,121,{}
11,130,{}
11,171,{}
11,226,{}
11,205,{}
11,160,{}
11,126,{}
11,221,{}
11,91,{}
11,34,{}
11,220,{}
11,186,{}
11,241,{}
11,14,{}
12,24,{}
12,84,{}
12,108,{}
12,110,{}
12,112,{}
12,119,{}
12,121,{}
12,146,{}
12,154,{}
12,161,{}
12,191,{}
12,197,{}
12,247,{}
12,25,{}
12,115,{}
12,31,{}
12,98,{}
12,54,{}
12,70,{}
12,230,{}
12,34,{}
12,215,{}
12,160,{}
13,55,{}
13,78,{}
13,87,{}
13,88,{}
13,97,{}
13,132,{}
13,139,{}
13,148,{}
13,159,{}
13,166,{}
13,178,{}
13,231,{}
13,239,{}
13,19,{}
13,21,{}
13,20,{}
13,175,{}
13,151,{}
13,89,{}
13,102,{}
13,79,{}
13,156,{}
14,29,{}
14,57,{}
14,66,{}
14,73,{}
14,94,{}
14,100,{}
14,105,{}
14,112,{}
14,120,{}
14,179,{}
14,226,{}
14,243,{}
14,242,{}
14,104,{}
14,134,{}
14,46,{}
14,246,{}
14,119,{}
14,192,{}
14,126,{}
14,197,{}
14,39,{}
14,172,{}
14,35,{}
14,118,{}
14,98,{}
14,193,{}
14,90,{}
14,157,{}
15,17,{}
15,35,{}
15,39,{}
15,100,{}
15,105,{}
15,160,{}
15,161,{}
15,163,{}
15,180,{}
15,187,{}
15,230,{}
15,241,{}
15,245,{}
15,242,{}
15,120,{}
15,43,{}
15,232,{}
15,237,{}
15,219,{}
15,76,{}
15,146,{}
15,68,{}
15,130,{}
15,196,{}
15,94,{}
15,226,{}
15,243,{}
15,98,{}
15,200,{}
15,25,{}
15,90,{}
16,29,{}
16,52,{}
16,76,{}
16,86,{}
16,104,{}
16,134,{}
16,135,{}
16,160,{}
16,188,{}
16,192,{}
16,112,{}
16,125,{}
16,61,{}
16,233,{}
16,248,{}
16,230,{}
16,242,{}
16,98,{}
16,35,{}
16,110,{}
16,54,{}
17,28,{}
17,52,{}
17,70,{}
17,86,{}
17,116,{}
17,125,{}
17,141,{}
17,187,{}
17,218,{}
17,227,{}
17,244,{}
17,246,{}
17,215,{}
17,118,{}
17,33,{}
17,160,{}
17,91,{}
17,186,{}
17,57,{}
18,27,{}
18,36,{}
18,79,{}
18,81,{}
18,87,{}
18,99,{}
18,132,{}
18,137,{}
18,195,{}
18,177,{}
18,26,{}
18,82,{}
18,50,{}
18,208,{}
18,102,{}
18,222,{}
18,80,{}
18,59,{}
18,60,{}
18,149,{}
18,173,{}
18,23,{}
18,103,{}
19,36,{}
19,44,{}
19,60,{}
19,62,{}
19,71,{}
19,80,{}
19,126,{}
19,127,{}
19,129,{}
19,136,{}
19,159,{}
19,183,{}
19,194,{}
19,204,{}
19,224,{}
19,72,{}
19,23,{}
19,152,{}
19,182,{}
19,144,{}
19,239,{}
19,150,{}
19,137,{}
19,21,{}
19,198,{}
19,147,{}
19,151,{}
19,103,{}
19,50,{}
19,207,{}
20,27,{}
20,56,{}
20,69,{}
20,107,{}
20,122,{}
20,124,{}
20,129,{}
20,151,{}
20,195,{}
20,208,{}
20,209,{}
20,238,{}
20,40,{}
20,67,{}
20,99,{}
20,50,{}
20,229,{}
20,236,{}
20,49,{}
20,87,{}
20,216,{}
20,83,{}
20,78,{}
21,23,{}
21,36,{}
21,49,{}
21,50,{}
21,89,{}
21,95,{}
21,127,{}
21,144,{}
21,166,{}
21,170,{}
21,171,{}
21,178,{}
21,190,{}
21,198,{}
21,201,{}
21,211,{}
21,222,{}
21,175,{}
21,69,{}
21,156,{}
21,234,{}
21,97,{}
21,184,{}
21,88,{}
21,216,{}
21,151,{}
21,37,{}
22,37,{}
22,71,{}
22,85,{}
22,88,{}
22,132,{}
22,155,{}
22,156,{}
22,207,{}
22,235,{}
22,151,{}
22,89,{}
22,44,{}
22,78,{}
22,228,{}
22,175,{}
22,27,{}
22,229,{}
22,69,{}
22,122,{}
22,234,{}
22,239,{}
22,150,{}
23,32,{}
23,37,{}
23,45,{}
23,69,{}
23,74,{}
23,79,{}
23,95,{}
23,106,{}
23,111,{}
23,155,{}
23,162,{}
23,173,{}
23,182,{}
23,195,{}
23,208,{}
23,62,{}
23,137,{}
23,147,{}
23,214,{}
23,102,{}
23,131,{}
23,238,{}
23,97,{}
23,148,{}
23,80,{}
23,184,{}
23,211,{}
23,175,{}
23,99,{}
24,73,{}
24,100,{}
24,115,{}
24,138,{}
24,146,{}
24,165,{}
24,168,{}
24,191,{}
24,192,{}
24,196,{}
24,243,{}
24,126,{}
24,29,{}
24,33,{}
24,52,{}
25,66,{}
25,90,{}
25,92,{}
25,126,{}
25,145,{}
25,164,{}
25,196,{}
25,213,{}
25,225,{}
25,230,{}
25,96,{}
25,221,{}
25,158,{}
25,140,{}
25,104,{}
25,180,{}
25,43,{}
25,65,{}
25,68,{}
25,77,{}
25,161,{}
25,108,{}
25,91,{}
25,119,{}
25,115,{}
25,135,{}
26,50,{}
26,69,{}
26,88,{}
26,99,{}
26,127,{}
26,139,{}
26,198,{}
26,201,{}
26,49,{}
26,149,{}
26,93,{}
26,224,{}
26,124,{}
26,44,{}
26,177,{}
26,239,{}
26,166,{}
26,174,{}
26,228,{}
26,151,{}
26,204,{}
26,231,{}
26,80,{}
27,85,{}
27,139,{}
27,150,{}
27,177,{}
27,198,{}
27,208,{}
27,211,{}
27,214,{}
27,231,{}
27,189,{}
27,229,{}
27,59,{}
27,238,{}
27,122,{}
27,223,{}
27,80,{}
27,181,{}
27,89,{}
27,78,{}
27,224,{}
27,167,{}
28,30,{}
28,33,{}
28,54,{}
28,145,{}
28,191,{}
28,197,{}
28,220,{}
28,230,{}
28,241,{}
28,244,{}
28,130,{}
28,242,{}
28,31,{}
28,121,{}
28,179,{}
28,200,{}
28,188,{}
28,68,{}
28,164,{}
28,141,{}
28,125,{}
28,76,{}
28,243,{}
28,133,{}
28,171,{}
29,30,{}
29,46,{}
29,76,{}
29,77,{}
29,98,{}
29,104,{}
29,119,{}
29,126,{}
29,133,{}
29,171,{}
29,179,{}
29,191,{}
29,221,{}
29,243,{}
29,246,{}
29,193,{}
29,68,{}
29,112,{}
29,140,{}
29,39,{}
29,120,{}
29,186,{}
29,90,{}
30,84,{}
30,90,{}
30,138,{}
30,141,{}
30,158,{}
30,171,{}
30,186,{}
30,192,{}
30,193,{}
30,212,{}
30,219,{}
30,221,{}
30,242,{}
30,77,{}
30,135,{}
30,43,{}
30,38,{}
30,31,{}
30,197,{}
30,86,{}
30,237,{}
31,33,{}
31,38,{}
31,42,{}
31,57,{}
31,96,{}
31,104,{}
31,108,{}
31,114,{}
31,119,{}
31,145,{}
31,146,{}
31,157,{}
31,158,{}
31,191,{}
31,197,{}
31,202,{}
31,237,{}
31,54,{}
31,41,{}
31,213,{}
31,117,{}
31,121,{}
31,68,{}
31,116,{}
31,193,{}
31,43,{}
31,212,{}
31,35,{}
32,36,{}
32,37,{}
32,74,{}
32,82,{}
32,88,{}
32,95,{}
32,102,{}
32,111,{}
32,149,{}
32,173,{}
32,182,{}
32,203,{}
32,204,{}
32,224,{}
32,231,{}
32,238,{}
32,139,{}
32,48,{}
32,150,{}
32,89,{}
33,34,{}
33,35,{}
33,86,{}
33,96,{}
33,110,{}
33,120,{}
33,161,{}
33,168,{}
33,169,{}
33,187,{}
33,196,{}
33,197,{}
33,213,{}
33,215,{}
33,200,{}
33,84,{}
33,248,{}
33,90,{}
33,52,{}
33,105,{}
33,100,{}
33,202,{}
33,186,{}
33,232,{}
33,119,{}
33,76,{}
33,199,{}
33,212,{}
34,38,{}
34,53,{}
34,73,{}
34,84,{}
34,96,{}
34,101,{}
34,108,{}
34,133,{}
34,160,{}
34,168,{}
34,179,{}
34,219,{}
34,240,{}
34,245,{}
34,200,{}
34,41,{}
34,57,{}
34,226,{}
34,92,{}
34,247,{}
34,104,{}
34,130,{}
34,100,{}
34,43,{}
34,191,{}
35,57,{}
35,64,{}
35,117,{}
35,126,{}
35,133,{}
35,168,{}
35,205,{}
35,213,{}
35,215,{}
35,220,{}
35,161,{}
35,90,{}
35,104,{}
35,185,{}
35,230,{}
35,116,{}
35,101,{}
35,221,{}
36,72,{}
36,88,{}
36,97,{}
36,131,{}
36,132,{}
36,136,{}
36,144,{}
36,153,{}
36,175,{}
36,178,{}
36,214,{}
36,228,{}
36,239,{}
36,217,{}
36,234,{}
36,174,{}
36,103,{}
36,151,{}
36,211,{}
36,177,{}
36,162,{}
36,148,{}
36,85,{}
36,139,{}
37,40,{}
37,74,{}
37,124,{}
37,131,{}
37,177,{}
37,204,{}
37,217,{}
37,235,{}
37,175,{}
37,72,{}
37,102,{}
37,183,{}
37,201,{}
37,162,{}
37,122,{}
37,59,{}
37,81,{}
37,150,{}
37,67,{}
37,136,{}
37,152,{}
37,88,{}
37,95,{}
37,155,{}
37,170,{}
37,58,{}
37,223,{}
38,41,{}
38,53,{}
38,70,{}
38,90,{}
38,165,{}
38,168,{}
38,188,{}
38,245,{}
38,247,{}
38,191,{}
38,65,{}
38,185,{}
38,158,{}
38,98,{}
38,101,{}
38,197,{}
38,119,{}
38,42,{}
39,57,{}
39,114,{}
39,118,{}
39,120,{}
39,187,{}
39,197,{}
39,241,{}
39,248,{}
39,243,{}
39,220,{}
39,169,{}
39,244,{}
39,154,{}
40,60,{}
40,67,{}
40,175,{}
40,178,{}
40,181,{}
40,201,{}
40,209,{}
40,211,{}
40,229,{}
40,106,{}
40,136,{}
40,207,{}
40,143,{}
40,151,{}
40,79,{}
40,62,{}
40,55,{}
40,50,{}
40,129,{}
40,236,{}
40,128,{}
40,189,{}
40,56,{}
41,96,{}
41,121,{}
41,146,{}
41,163,{}
41,68,{}
41,94,{}
41,112,{}
41,126,{}
41,218,{}
41,196,{}
41,187,{}
41,66,{}
41,77,{}
41,65,{}
41,73,{}
41,43,{}
41,200,{}
41,219,{}
42,66,{}
42,92,{}
42,105,{}
42,179,{}
42,54,{}
42,246,{}
42,73,{}
42,118,{}
42,134,{}
42,94,{}
42,227,{}
42,164,{}
42,215,{}
42,117,{}
43,51,{}
43,52,{}
43,57,{}
43,61,{}
43,70,{}
43,90,{}
43,91,{}
43,92,{}
43,105,{}
43,121,{}
43,161,{}
43,206,{}
43,243,{}
43,244,{}
43,245,{}
43,246,{}
43,230,{}
43,154,{}
43,221,{}
43,133,{}
43,146,{}
43,180,{}
43,134,{}
43,145,{}
43,118,{}
43,112,{}
43,73,{}
43,108,{}
43,248,{}
43,191,{}
44,49,{}
44,56,{}
44,71,{}
44,93,{}
44,102,{}
44,136,{}
44,148,{}
44,166,{}
44,175,{}
44,194,{}
44,231,{}
44,129,{}
44,217,{}
44,236,{}
44,208,{}
44,78,{}
44,184,{}
44,62,{}
44,190,{}
44,75,{}
44,88,{}
44,201,{}
45,55,{}
45,67,{}
45,72,{}
45,85,{}
45,93,{}
45,102,{}
45,144,{}
45,148,{}
45,170,{}
45,175,{}
45,182,{}
45,184,{}
45,223,{}
45,228,{}
45,231,{}
45,235,{}
45,238,{}
45,167,{}
45,50,{}
45,159,{}
45,95,{}
45,59,{}
45,210,{}
45,97,{}
45,69,{}
45,207,{}
45,174,{}
45,176,{}
46,57,{}
46,61,{}
46,112,{}
46,130,{}
46,165,{}
46,196,{}
46,212,{}
46,226,{}
46,218,{}
46,187,{}
46,145,{}
46,125,{}
46,64,{}
46,244,{}
46,186,{}
46,134,{}
46,180,{}
47,55,{}
47,71,{}
47,74,{}
47,78,{}
47,80,{}
47,82,{}
47,93,{}
47,149,{}
47,156,{}
47,173,{}
47,195,{}
47,207,{}
47,144,{}
47,87,{}
47,177,{}
47,89,{}
47,194,{}
47,214,{}
47,152,{}
47,229,{}
48,80,{}
48,88,{}
48,89,{}
48,93,{}
48,106,{}
48,170,{}
48,184,{}
48,222,{}
48,223,{}
48,228,{}
48,239,{}
48,159,{}
48,128,{}
48,204,{}
48,190,{}
48,175,{}
48,236,{}
48,234,{}
48,83,{}
48,211,{}
48,148,{}
48,178,{}
48,167,{}
48,72,{}
49,58,{}
49,72,{}
49,132,{}
49,178,{}
49,209,{}
49,211,{}
49,231,{}
49,128,{}
49,103,{}
49,88,{}
49,74,{}
49,208,{}
49,181,{}
49,222,{}
49,210,{}
49,174,{}
49,99,{}
49,95,{}
49,85,{}
49,177,{}
49,129,{}
49,175,{}
49,238,{}
50,55,{}
50,62,{}
50,81,{}
50,162,{}
50,236,{}
50,147,{}
50,72,{}
50,174,{}
50,234,{}
50,93,{}
50,132,{}
50,99,{}
50,83,{}
51,98,{}
51,125,{}
51,130,{}
51,161,{}
51,164,{}
51,186,{}
51,233,{}
51,245,{}
51,119,{}
51,140,{}
51,64,{}
51,126,{}
51,241,{}
51,114,{}
51,53,{}
51,118,{}
51,65,{}
51,84,{}
52,61,{}
52,73,{}
52,100,{}
52,110,{}
52,158,{}
52,168,{}
52,179,{}
52,205,{}
52,240,{}
52,202,{}
52,154,{}
52,138,{}
52,243,{}
52,130,{}
52,104,{}
52,63,{}
52,227,{}
52,146,{}
53,54,{}
53,118,{}
53,146,{}
53,164,{}
53,186,{}
53,202,{}
53,215,{}
53,226,{}
53,232,{}
53,233,{}
53,243,{}
53,68,{}
53,105,{}
53,63,{}
53,125,{}
53,192,{}
53,180,{}
53,61,{}
53,77,{}
53,121,{}
54,68,{}
54,96,{}
54,104,{}
54,185,{}
54,200,{}
54,206,{}
54,213,{}
54,237,{}
54,246,{}
54,116,{}
54,212,{}
54,197,{}
54,66,{}
54,187,{}
54,163,{}
54,119,{}
54,154,{}
54,138,{}
54,140,{}
55,71,{}
55,72,{}
55,129,{}
55,131,{}
55,136,{}
55,139,{}
55,152,{}
55,177,{}
55,183,{}
55,198,{}
55,224,{}
55,239,{}
55,175,{}
55,203,{}
55,82,{}
55,216,{}
55,194,{}
55,123,{}
56,58,{}
56,81,{}
56,87,{}
56,147,{}
56,207,{}
56,238,{}
56,127,{}
56,217,{}
56,72,{}
56,194,{}
56,152,{}
56,182,{}
56,139,{}
56,150,{}
56,184,{}
56,85,{}
56,198,{}
56,131,{}
57,73,{}
57,146,{}
57,163,{}
57,213,{}
57,242,{}
57,247,{}
57,193,{}
57,90,{}
57,227,{}
57,140,{}
57,245,{}
57,205,{}
57,240,{}
57,206,{}
57,66,{}
58,152,{}
58,195,{}
58,198,{}
58,228,{}
58,239,{}
58,155,{}
58,80,{}
58,177,{}
58,167,{}
58,123,{}
58,151,{}
58,184,{}
58,82,{}
59,127,{}
59,136,{}
59,137,{}
59,159,{}
59,151,{}
59,122,{}
59,174,{}
59,88,{}
59,79,{}
59,148,{}
59,201,{}
60,81,{}
60,124,{}
60,136,{}
60,148,{}
60,162,{}
60,190,{}
60,228,{}
60,217,{}
60,67,{}
60,88,{}
60,132,{}
60,85,{}
60,99,{}
60,74,{}
60,93,{}
60,182,{}
60,166,{}
60,129,{}
60,231,{}
61,91,{}
61,104,{}
61,112,{}
61,140,{}
61,141,{}
61,171,{}
61,202,{}
61,98,{}
61,205,{}
61,206,{}
61,161,{}
61,110,{}
61,196,{}
61,219,{}
61,169,{}
61,77,{}
61,220,{}
61,134,{}
62,67,{}
62,79,{}
62,82,{}
62,99,{}
62,123,{}
62,143,{}
62,149,{}
62,190,{}
62,208,{}
62,209,{}
62,229,{}
62,87,{}
62,124,{}
62,72,{}
62,162,{}
62,131,{}
62,178,{}
62,181,{}
62,148,{}
63,65,{}
63,205,{}
63,130,{}
63,121,{}
63,218,{}
63,248,{}
63,196,{}
63,64,{}
63,104,{}
63,138,{}
63,84,{}
63,243,{}
63,108,{}
63,179,{}
63,112,{}
64,65,{}
64,112,{}
64,125,{}
64,154,{}
64,158,{}
64,185,{}
64,205,{}
64,212,{}
64,206,{}
64,168,{}
64,160,{}
64,117,{}
64,134,{}
64,126,{}
64,191,{}
64,187,{}
64,196,{}
64,104,{}
64,227,{}
64,200,{}
64,192,{}
64,180,{}
65,90,{}
65,117,{}
65,168,{}
65,180,{}
65,186,{}
65,197,{}
65,200,{}
65,205,{}
65,215,{}
65,221,{}
65,233,{}
65,96,{}
65,172,{}
65,112,{}
65,245,{}
65,104,{}
65,242,{}
66,70,{}
66,86,{}
66,90,{}
66,94,{}
66,105,{}
66,110,{}
66,125,{}
66,134,{}
66,141,{}
66,146,{}
66,168,{}
66,169,{}
66,185,{}
66,233,{}
66,248,{}
66,218,{}
66,180,{}
66,115,{}
66,243,{}
66,232,{}
66,119,{}
66,108,{}
66,242,{}
66,145,{}
67,89,{}
67,137,{}
67,159,{}
67,167,{}
67,209,{}
67,223,{}
67,176,{}
67,182,{}
67,131,{}
67,74,{}
67,228,{}
67,122,{}
67,238,{}
68,70,{}
68,88,{}
68,110,{}
68,120,{}
68,161,{}
68,202,{}
68,205,{}
68,206,{}
68,218,{}
68,77,{}
68,237,{}
68,232,{}
68,242,{}
68,140,{}
68,94,{}
69,71,{}
69,137,{}
69,166,{}
69,207,{}
69,208,{}
69,210,{}
69,224,{}
69,229,{}
69,236,{}
69,239,{}
69,72,{}
69,159,{}
69,75,{}
69,109,{}
69,182,{}
69,122,{}
69,198,{}
69,183,{}
69,153,{}
70,92,{}
70,98,{}
70,110,{}
70,112,{}
70,125,{}
70,133,{}
70,141,{}
70,169,{}
70,171,{}
70,243,{}
70,91,{}
70,76,{}
70,188,{}
70,77,{}
70,227,{}
70,104,{}
70,197,{}
70,73,{}
70,116,{}
70,105,{}
71,72,{}
71,78,{}
71,79,{}
71,82,{}
71,123,{}
71,124,{}
71,136,{}
71,139,{}
71,156,{}
71,167,{}
71,176,{}
71,178,{}
71,195,{}
71,211,{}
71,231,{}
71,239,{}
71,93,{}
71,229,{}
71,224,{}
71,89,{}
71,175,{}
71,162,{}
71,102,{}
71,83,{}
71,147,{}
71,194,{}
72,99,{}
72,102,{}
72,150,{}
72,152,{}
72,159,{}
72,170,{}
72,201,{}
72,173,{}
72,198,{}
72,127,{}
72,167,{}
72,207,{}
72,189,{}
72,109,{}
72,174,{}
72,210,{}
72,235,{}
72,147,{}
72,132,{}
73,84,{}
73,116,{}
73,168,{}
73,172,{}
73,186,{}
73,197,{}
73,200,{}
73,219,{}
73,242,{}
73,244,{}
73,163,{}
73,101,{}
73,104,{}
73,248,{}
73,220,{}
73,90,{}
73,157,{}
73,160,{}
73,221,{}
73,240,{}
74,83,{}
74,129,{}
74,136,{}
74,159,{}
74,175,{}
74,208,{}
74,217,{}
74,148,{}
74,177,{}
74,131,{}
74,162,{}
74,143,{}
74,93,{}
75,80,{}
75,106,{}
75,150,{}
75,175,{}
75,178,{}
75,190,{}
75,201,{}
75,210,{}
75,223,{}
75,238,{}
75,129,{}
75,95,{}
75,82,{}
75,159,{}
75,214,{}
75,83,{}
75,174,{}
75,183,{}
75,97,{}
75,78,{}
76,117,{}
76,130,{}
76,164,{}
76,187,{}
76,219,{}
76,242,{}
76,179,{}
76,157,{}
76,193,{}
76,119,{}
76,185,{}
76,77,{}
76,120,{}
76,240,{}
76,92,{}
77,91,{}
77,108,{}
77,160,{}
77,196,{}
77,197,{}
77,199,{}
77,233,{}
77,248,{}
77,191,{}
77,158,{}
77,140,{}
77,179,{}
77,206,{}
77,237,{}
78,82,{}
78,123,{}
78,132,{}
78,150,{}
78,166,{}
78,174,{}
78,189,{}
78,201,{}
78,207,{}
78,224,{}
78,127,{}
78,182,{}
78,124,{}
78,170,{}
78,99,{}
78,147,{}
79,82,{}
79,87,{}
79,106,{}
79,122,{}
79,151,{}
79,152,{}
79,166,{}
79,184,{}
79,189,{}
79,209,{}
79,229,{}
79,236,{}
79,89,{}
79,147,{}
79,234,{}
79,153,{}
79,123,{}
79,201,{}
80,87,{}
80,143,{}
80,150,{}
80,151,{}
80,152,{}
80,159,{}
80,175,{}
80,176,{}
80,223,{}
80,85,{}
80,209,{}
80,127,{}
80,111,{}
80,201,{}
80,162,{}
80,174,{}
80,109,{}
80,129,{}
80,131,{}
81,122,{}
81,132,{}
81,144,{}
81,177,{}
81,211,{}
81,234,{}
81,83,{}
81,229,{}
81,128,{}
81,131,{}
81,176,{}
81,106,{}
81,109,{}
81,97,{}
81,224,{}
82,95,{}
82,103,{}
82,111,{}
82,124,{}
82,136,{}
82,143,{}
82,147,{}
82,151,{}
82,177,{}
82,181,{}
82,183,{}
82,193,{}
82,109,{}
82,211,{}
82,166,{}
82,204,{}
82,139,{}
82,234,{}
82,236,{}
82,173,{}
82,203,{}
82,222,{}
82,224,{}
82,178,{}
82,198,{}
83,87,{}
83,106,{}
83,123,{}
83,144,{}
83,153,{}
83,167,{}
83,231,{}
83,211,{}
83,209,{}
83,166,{}
83,102,{}
83,198,{}
83,109,{}
83,136,{}
83,150,{}
83,181,{}
83,174,{}
83,162,{}
83,170,{}
84,101,{}
84,133,{}
84,141,{}
84,160,{}
84,164,{}
84,168,{}
84,186,{}
84,220,{}
84,237,{}
84,240,{}
84,246,{}
84,105,{}
84,218,{}
84,94,{}
84,185,{}
84,242,{}
84,114,{}
84,230,{}
84,248,{}
84,202,{}
85,87,{}
85,95,{}
85,128,{}
85,173,{}
85,211,{}
85,198,{}
85,150,{}
85,174,{}
85,203,{}
85,124,{}
85,216,{}
85,175,{}
85,93,{}
85,139,{}
86,92,{}
86,119,{}
86,126,{}
86,138,{}
86,205,{}
86,219,{}
86,226,{}
86,237,{}
86,245,{}
86,230,{}
86,215,{}
86,185,{}
86,100,{}
86,134,{}
86,244,{}
86,172,{}
86,142,{}
86,247,{}
87,88,{}
87,89,{}
87,102,{}
87,106,{}
87,132,{}
87,149,{}
87,190,{}
87,229,{}
87,231,{}
87,234,{}
87,182,{}
87,223,{}
87,147,{}
87,144,{}
87,195,{}
87,210,{}
88,109,{}
88,127,{}
88,132,{}
88,136,{}
88,176,{}
88,178,{}
88,203,{}
88,216,{}
88,229,{}
88,106,{}
88,214,{}
88,204,{}
88,156,{}
88,152,{}
88,159,{}
88,222,{}
88,123,{}
88,166,{}
88,128,{}
88,201,{}
88,173,{}
88,103,{}
89,93,{}
89,122,{}
89,123,{}
89,129,{}
89,131,{}
89,139,{}
89,151,{}
89,153,{}
89,155,{}
89,167,{}
89,184,{}
89,203,{}
89,144,{}
89,182,{}
89,128,{}
89,156,{}
89,150,{}
89,224,{}
89,229,{}
90,96,{}
90,125,{}
90,164,{}
90,191,{}
90,206,{}
90,213,{}
90,245,{}
90,215,{}
90,146,{}
90,197,{}
90,91,{}
90,246,{}
90,114,{}
91,117,{}
91,118,{}
91,125,{}
91,142,{}
91,157,{}
91,185,{}
91,193,{}
91,197,{}
91,199,{}
91,227,{}
91,230,{}
91,240,{}
91,101,{}
91,146,{}
91,206,{}
91,248,{}
91,220,{}
91,172,{}
91,116,{}
91,212,{}
91,115,{}
91,196,{}
92,94,{}
92,96,{}
92,110,{}
92,117,{}
92,120,{}
92,126,{}
92,135,{}
92,142,{}
92,158,{}
92,188,{}
92,245,{}
92,247,{}
92,197,{}
92,145,{}
92,116,{}
92,241,{}
92,100,{}
92,180,{}
92,108,{}
93,109,{}
93,144,{}
93,148,{}
93,170,{}
93,183,{}
93,201,{}
93,204,{}
93,210,{}
93,229,{}
93,224,{}
93,136,{}
93,124,{}
93,236,{}
93,203,{}
93,151,{}
93,131,{}
93,178,{}
93,222,{}
93,150,{}
94,116,{}
94,126,{}
94,145,{}
94,158,{}
94,168,{}
94,248,{}
94,117,{}
94,241,{}
94,141,{}
94,96,{}
94,242,{}
94,206,{}
94,160,{}
94,180,{}
94,171,{}
94,240,{}
94,118,{}
95,111,{}
95,123,{}
95,143,{}
95,144,{}
95,150,{}
95,190,{}
95,203,{}
95,103,{}
95,238,{}
95,183,{}
95,224,{}
95,201,{}
95,228,{}
95,214,{}
95,234,{}
96,110,{}
96,120,{}
96,138,{}
96,141,{}
96,145,{}
96,154,{}
96,163,{}
96,180,{}
96,186,{}
96,233,{}
96,179,{}
96,165,{}
96,134,{}
96,243,{}
96,242,{}
97,131,{}
97,143,{}
97,153,{}
97,166,{}
97,216,{}
97,222,{}
97,178,{}
97,152,{}
97,194,{}
97,211,{}
97,210,{}
97,149,{}
97,106,{}
97,181,{}
97,109,{}
97,127,{}
97,162,{}
98,101,{}
98,125,{}
98,161,{}
98,169,{}
98,230,{}
98,232,{}
98,244,{}
98,191,{}
98,188,{}
98,105,{}
98,157,{}
98,185,{}
98,171,{}
98,108,{}
98,114,{}
98,241,{}
98,145,{}
98,192,{}
98,221,{}
99,124,{}
99,139,{}
99,156,{}
99,173,{}
99,181,{}
99,208,{}
99,222,{}
99,229,{}
99,144,{}
99,216,{}
99,129,{}
99,201,{}
99,190,{}
99,143,{}
99,103,{}
99,159,{}
99,176,{}
99,167,{}
100,112,{}
100,115,{}
100,146,{}
100,164,{}
100,218,{}
100,221,{}
100,226,{}
100,242,{}
100,246,{}
100,248,{}
100,220,{}
100,117,{}
100,244,{}
100,227,{}
100,104,{}
100,247,{}
100,233,{}
100,185,{}
100,193,{}
100,196,{}
101,112,{}
101,116,{}
101,133,{}
101,196,{}
101,240,{}
101,244,{}
101,154,{}
101,233,{}
101,215,{}
101,120,{}
101,192,{}
101,188,{}
101,110,{}
101,191,{}
101,241,{}
101,104,{}
101,157,{}
102,123,{}
102,137,{}
102,194,{}
102,208,{}
102,228,{}
102,217,{}
102,151,{}
102,214,{}
102,139,{}
102,156,{}
102,153,{}
102,175,{}
102,234,{}
102,239,{}
102,173,{}
103,147,{}
103,155,{}
103,195,{}
103,210,{}
103,137,{}
103,122,{}
103,127,{}
103,235,{}
103,150,{}
104,105,{}
104,110,{}
104,157,{}
104,161,{}
104,180,{}
104,191,{}
104,213,{}
104,245,{}
104,141,{}
104,133,{}
104,138,{}
104,120,{}
104,171,{}
104,130,{}
105,140,{}
105,164,{}
105,168,{}
105,192,{}
105,187,{}
105,169,{}
105,133,{}
105,158,{}
105,185,{}
105,108,{}
106,111,{}
106,147,{}
106,203,{}
106,208,{}
106,166,{}
106,153,{}
106,143,{}
106,109,{}
106,174,{}
106,162,{}
106,139,{}
106,204,{}
107,113,{}
107,249,{}
107,225,{}
108,110,{}
108,115,{}
108,130,{}
108,138,{}
108,163,{}
108,168,{}
108,186,{}
108,191,{}
108,240,{}
108,247,{}
108,141,{}
108,120,{}
108,248,{}
108,154,{}
108,165,{}
108,242,{}
108,193,{}
108,125,{}
108,171,{}
109,124,{}
109,139,{}
109,167,{}
109,198,{}
109,229,{}
109,239,{}
109,201,{}
109,195,{}
109,111,{}
109,149,{}
109,155,{}
109,231,{}
109,181,{}
109,210,{}
109,166,{}
109,203,{}
109,127,{}
109,234,{}
110,114,{}
110,125,{}
110,141,{}
110,165,{}
110,179,{}
110,219,{}
110,244,{}
110,242,{}
110,142,{}
110,243,{}
110,240,{}
110,130,{}
111,166,{}
111,178,{}
111,208,{}
111,211,{}
111,181,{}
111,162,{}
111,159,{}
111,147,{}
111,238,{}
111,209,{}
111,194,{}
111,224,{}
112,125,{}
112,138,{}
112,157,{}
112,163,{}
112,185,{}
112,212,{}
112,202,{}
112,161,{}
112,142,{}
112,241,{}
112,206,{}
112,154,{}
112,187,{}
112,171,{}
112,227,{}
112,168,{}
113,225,{}
113,249,{}
114,119,{}
114,120,{}
114,130,{}
114,140,{}
114,180,{}
114,232,{}
114,242,{}
114,206,{}
114,240,{}
114,169,{}
114,138,{}
114,197,{}
114,244,{}
114,233,{}
114,192,{}
114,125,{}
115,171,{}
115,191,{}
115,196,{}
115,213,{}
115,221,{}
115,245,{}
115,246,{}
115,212,{}
115,200,{}
115,118,{}
115,164,{}
115,169,{}
116,122,{}
116,126,{}
116,133,{}
116,145,{}
116,146,{}
116,168,{}
116,186,{}
116,193,{}
116,200,{}
116,230,{}
116,244,{}
116,243,{}
116,226,{}
116,121,{}
116,199,{}
116,154,{}
116,140,{}
116,246,{}
116,172,{}
116,215,{}
116,158,{}
116,196,{}
117,164,{}
117,192,{}
117,200,{}
117,212,{}
117,221,{}
117,237,{}
117,240,{}
117,142,{}
117,157,{}
117,154,{}
117,126,{}
117,206,{}
117,158,{}
117,180,{}
117,186,{}
117,244,{}
118,133,{}
118,213,{}
118,219,{}
118,227,{}
118,230,{}
118,244,{}
118,140,{}
118,245,{}
118,196,{}
118,172,{}
118,185,{}
118,119,{}
119,158,{}
119,171,{}
119,179,{}
119,199,{}
119,213,{}
119,215,{}
119,227,{}
119,246,{}
119,140,{}
119,205,{}
120,135,{}
120,180,{}
120,187,{}
120,191,{}
120,219,{}
120,240,{}
120,142,{}
120,165,{}
120,171,{}
120,168,{}
120,242,{}
120,164,{}
120,130,{}
120,220,{}
120,157,{}
120,212,{}
121,125,{}
121,168,{}
121,186,{}
121,191,{}
121,221,{}
121,171,{}
121,154,{}
121,246,{}
121,138,{}
121,226,{}
121,242,{}
121,160,{}
122,136,{}
122,156,{}
122,201,{}
122,173,{}
122,128,{}
122,152,{}
122,198,{}
122,178,{}
122,195,{}
122,127,{}
122,170,{}
122,217,{}
122,194,{}
123,124,{}
123,127,{}
123,159,{}
123,178,{}
123,184,{}
123,239,{}
123,181,{}
123,149,{}
123,238,{}
123,166,{}
123,132,{}
123,144,{}
124,173,{}
124,231,{}
124,143,{}
124,236,{}
124,211,{}
124,174,{}
124,136,{}
124,195,{}
125,134,{}
125,135,{}
125,157,{}
125,161,{}
125,192,{}
125,205,{}
125,237,{}
125,241,{}
125,242,{}
125,247,{}
125,179,{}
125,200,{}
125,191,{}
125,199,{}
125,240,{}
125,193,{}
125,213,{}
125,171,{}
125,244,{}
125,164,{}
125,168,{}
125,172,{}
125,146,{}
126,141,{}
126,157,{}
126,164,{}
126,172,{}
126,196,{}
126,200,{}
126,219,{}
126,227,{}
126,206,{}
126,244,{}
126,212,{}
126,240,{}
126,187,{}
126,185,{}
127,151,{}
127,203,{}
127,211,{}
127,228,{}
127,143,{}
127,204,{}
127,167,{}
127,144,{}
127,137,{}
128,149,{}
128,155,{}
128,166,{}
128,170,{}
128,208,{}
128,211,{}
128,216,{}
128,222,{}
128,238,{}
128,150,{}
128,183,{}
128,182,{}
128,223,{}
128,139,{}
128,217,{}
128,173,{}
128,175,{}
128,151,{}
128,167,{}
129,131,{}
129,139,{}
129,151,{}
129,159,{}
129,178,{}
129,183,{}
129,210,{}
129,211,{}
129,223,{}
129,231,{}
129,234,{}
129,136,{}
129,137,{}
129,132,{}
129,208,{}
129,174,{}
129,166,{}
129,149,{}
129,144,{}
129,229,{}
130,160,{}
130,179,{}
130,200,{}
130,212,{}
130,237,{}
130,247,{}
130,245,{}
130,180,{}
130,185,{}
130,169,{}
130,140,{}
130,138,{}
131,148,{}
131,149,{}
131,151,{}
131,156,{}
131,175,{}
131,183,{}
131,194,{}
131,208,{}
131,228,{}
131,177,{}
131,195,{}
131,167,{}
131,162,{}
131,216,{}
131,150,{}
131,147,{}
131,170,{}
132,139,{}
132,149,{}
132,150,{}
132,155,{}
132,167,{}
132,184,{}
132,198,{}
132,214,{}
132,216,{}
132,236,{}
132,211,{}
132,175,{}
133,138,{}
133,202,{}
133,213,{}
133,226,{}
133,227,{}
133,188,{}
133,186,{}
133,135,{}
134,138,{}
134,172,{}
134,186,{}
134,243,{}
134,246,{}
134,220,{}
134,187,{}
134,158,{}
134,160,{}
134,193,{}
134,205,{}
134,135,{}
134,227,{}
135,141,{}
135,142,{}
135,146,{}
135,165,{}
135,230,{}
135,233,{}
135,248,{}
135,154,{}
135,245,{}
135,164,{}
135,202,{}
135,188,{}
135,215,{}
135,161,{}
135,221,{}
136,137,{}
136,153,{}
136,208,{}
136,210,{}
136,234,{}
136,235,{}
136,236,{}
136,152,{}
136,176,{}
136,178,{}
136,190,{}
136,173,{}
137,153,{}
137,189,{}
137,201,{}
137,207,{}
137,210,{}
137,150,{}
137,156,{}
137,203,{}
137,147,{}
137,209,{}
137,204,{}
137,238,{}
137,143,{}
138,158,{}
138,161,{}
138,171,{}
138,192,{}
138,206,{}
138,215,{}
138,230,{}
138,232,{}
138,185,{}
138,140,{}
138,200,{}
138,212,{}
138,141,{}
138,180,{}
138,221,{}
138,154,{}
139,148,{}
139,177,{}
139,178,{}
139,204,{}
139,228,{}
139,236,{}
139,239,{}
139,216,{}
139,189,{}
140,212,{}
140,220,{}
140,226,{}
140,246,{}
140,247,{}
140,218,{}
140,202,{}
140,242,{}
141,157,{}
141,187,{}
141,212,{}
141,226,{}
141,237,{}
141,246,{}
141,180,{}
141,221,{}
141,241,{}
141,220,{}
141,192,{}
142,146,{}
142,163,{}
142,172,{}
142,186,{}
142,188,{}
142,219,{}
142,221,{}
142,241,{}
142,243,{}
142,165,{}
142,233,{}
142,179,{}
142,169,{}
142,215,{}
142,145,{}
142,220,{}
143,173,{}
143,203,{}
143,217,{}
143,229,{}
143,235,{}
143,238,{}
143,210,{}
143,209,{}
143,194,{}
143,167,{}
143,156,{}
143,182,{}
144,147,{}
144,238,{}
144,204,{}
144,181,{}
145,157,{}
145,192,{}
145,218,{}
145,242,{}
145,227,{}
145,165,{}
145,172,{}
145,191,{}
145,247,{}
145,196,{}
146,154,{}
146,163,{}
146,185,{}
146,188,{}
146,202,{}
146,218,{}
146,237,{}
146,219,{}
146,233,{}
146,192,{}
146,200,{}
147,159,{}
147,175,{}
147,201,{}
147,210,{}
147,216,{}
147,234,{}
147,190,{}
147,182,{}
147,148,{}
147,166,{}
148,167,{}
148,235,{}
148,239,{}
148,176,{}
148,173,{}
148,182,{}
149,150,{}
149,151,{}
149,194,{}
149,214,{}
149,184,{}
149,224,{}
149,178,{}
149,228,{}
149,156,{}
149,152,{}
150,152,{}
150,170,{}
150,207,{}
150,214,{}
150,224,{}
150,181,{}
150,184,{}
150,166,{}
150,210,{}
150,176,{}
150,190,{}
150,177,{}
150,236,{}
150,178,{}
150,182,{}
151,156,{}
151,173,{}
151,210,{}
151,234,{}
151,204,{}
151,217,{}
151,208,{}
151,177,{}
151,176,{}
151,184,{}
152,166,{}
152,170,{}
152,173,{}
152,175,{}
152,183,{}
152,223,{}
152,239,{}
152,162,{}
152,207,{}
152,204,{}
152,208,{}
152,236,{}
153,162,{}
153,207,{}
153,224,{}
153,209,{}
153,184,{}
153,222,{}
153,203,{}
154,172,{}
154,193,{}
154,202,{}
154,205,{}
154,227,{}
154,247,{}
154,196,{}
155,159,{}
155,167,{}
155,174,{}
155,184,{}
155,239,{}
155,162,{}
155,189,{}
155,156,{}
155,210,{}
155,177,{}
155,236,{}
155,204,{}
155,183,{}
155,181,{}
155,208,{}
156,176,{}
156,201,{}
156,204,{}
156,228,{}
156,166,{}
156,177,{}
157,180,{}
157,187,{}
157,206,{}
157,245,{}
157,202,{}
157,230,{}
157,188,{}
157,160,{}
157,221,{}
157,163,{}
157,237,{}
158,168,{}
158,213,{}
158,230,{}
158,244,{}
158,246,{}
158,232,{}
158,248,{}
158,193,{}
158,171,{}
158,220,{}
158,219,{}
158,164,{}
159,166,{}
159,170,{}
159,190,{}
159,178,{}
159,210,{}
160,172,{}
160,179,{}
160,199,{}
160,219,{}
160,247,{}
160,180,{}
160,188,{}
160,220,{}
160,192,{}
160,212,{}
160,215,{}
160,169,{}
160,245,{}
160,202,{}
161,227,{}
161,230,{}
161,247,{}
161,246,{}
161,179,{}
161,213,{}
162,174,{}
162,177,{}
162,224,{}
162,238,{}
162,231,{}
162,176,{}
162,211,{}
162,210,{}
162,166,{}
163,191,{}
163,193,{}
163,200,{}
163,213,{}
163,221,{}
163,219,{}
163,237,{}
163,206,{}
163,169,{}
163,172,{}
164,168,{}
164,213,{}
164,219,{}
164,232,{}
164,233,{}
164,237,{}
164,200,{}
164,202,{}
165,179,{}
165,196,{}
165,219,{}
165,248,{}
165,237,{}
165,241,{}
165,187,{}
165,168,{}
165,244,{}
166,181,{}
166,198,{}
166,207,{}
166,214,{}
166,195,{}
166,170,{}
166,222,{}
166,177,{}
167,170,{}
167,198,{}
167,210,{}
167,177,{}
167,195,{}
167,236,{}
167,176,{}
167,183,{}
168,179,{}
168,180,{}
168,199,{}
168,248,{}
169,199,{}
169,205,{}
169,244,{}
169,248,{}
169,197,{}
169,218,{}
169,171,{}
170,176,{}
170,181,{}
170,190,{}
170,198,{}
170,201,{}
170,189,{}
170,177,{}
170,204,{}
170,224,{}
170,209,{}
170,210,{}
171,206,{}
171,241,{}
171,248,{}
171,192,{}
171,246,{}
171,205,{}
171,187,{}
172,188,{}
172,202,{}
172,215,{}
172,230,{}
172,242,{}
172,206,{}
172,246,{}
172,187,{}
173,231,{}
173,184,{}
173,174,{}
173,228,{}
173,189,{}
173,182,{}
174,229,{}
174,217,{}
174,176,{}
174,203,{}
175,182,{}
175,183,{}
175,194,{}
175,201,{}
175,204,{}
175,207,{}
175,214,{}
175,236,{}
175,176,{}
175,211,{}
175,210,{}
175,208,{}
175,222,{}
175,238,{}
175,195,{}
176,177,{}
176,210,{}
176,228,{}
176,222,{}
177,208,{}
177,201,{}
178,208,{}
178,231,{}
178,184,{}
178,211,{}
178,182,{}
179,205,{}
179,242,{}
179,215,{}
179,191,{}
179,188,{}
179,187,{}
179,202,{}
179,227,{}
180,191,{}
180,213,{}
180,215,{}
180,243,{}
180,247,{}
180,187,{}
180,246,{}
180,188,{}
181,198,{}
181,229,{}
181,235,{}
181,194,{}
181,239,{}
181,224,{}
182,223,{}
182,224,{}
182,235,{}
182,198,{}
182,211,{}
183,198,{}
183,214,{}
183,224,{}
183,235,{}
183,203,{}
183,207,{}
183,236,{}
183,238,{}
183,231,{}
184,210,{}
184,228,{}
184,231,{}
184,234,{}
184,203,{}
185,199,{}
185,206,{}
185,240,{}
185,243,{}
185,196,{}
185,215,{}
185,232,{}
185,197,{}
185,218,{}
186,188,{}
186,193,{}
186,212,{}
186,237,{}
186,187,{}
186,199,{}
186,248,{}
186,232,{}
186,227,{}
186,221,{}
187,205,{}
187,244,{}
188,191,{}
188,215,{}
188,220,{}
188,221,{}
188,245,{}
188,246,{}
188,205,{}
188,240,{}
188,227,{}
188,226,{}
189,208,{}
189,210,{}
189,222,{}
189,224,{}
189,207,{}
190,217,{}
190,229,{}
190,239,{}
190,222,{}
190,207,{}
191,218,{}
191,237,{}
191,245,{}
191,240,{}
191,199,{}
191,219,{}
191,200,{}
192,205,{}
192,215,{}
192,221,{}
192,227,{}
192,199,{}
192,246,{}
192,247,{}
192,242,{}
193,206,{}
193,240,{}
193,242,{}
193,243,{}
193,247,{}
193,197,{}
193,205,{}
194,198,{}
194,223,{}
194,234,{}
194,201,{}
195,239,{}
195,198,{}
195,223,{}
195,209,{}
195,236,{}
196,218,{}
196,232,{}
196,245,{}
196,246,{}
196,213,{}
197,213,{}
197,220,{}
197,230,{}
197,240,{}
197,244,{}
197,241,{}
197,237,{}
197,232,{}
198,211,{}
198,214,{}
198,224,{}
198,204,{}
198,229,{}
199,215,{}
199,219,{}
199,240,{}
199,230,{}
199,227,{}
200,245,{}
200,221,{}
200,246,{}
202,206,{}
202,232,{}
202,213,{}
202,233,{}
203,207,{}
203,217,{}
203,234,{}
203,231,{}
203,222,{}
203,216,{}
203,229,{}
204,216,{}
204,238,{}
205,240,{}
205,215,{}
206,226,{}
206,242,{}
206,248,{}
206,213,{}
206,232,{}
207,228,{}
207,231,{}
207,235,{}
207,216,{}
207,209,{}
208,222,{}
208,224,{}
208,228,{}
208,209,{}
209,224,{}
209,234,{}
209,217,{}
210,239,{}
210,222,{}
211,228,{}
211,217,{}
212,215,{}
212,219,{}
212,241,{}
213,247,{}
214,224,{}
215,218,{}
215,248,{}
216,217,{}
216,223,{}
216,229,{}
216,234,{}
216,235,{}
216,224,{}
217,223,{}
217,222,{}
217,234,{}
218,241,{}
218,245,{}
218,233,{}
218,226,{}
219,221,{}
219,230,{}
219,247,{}
219,220,{}
219,227,{}
220,233,{}
220,243,{}
220,247,{}
220,221,{}
220,241,{}
221,240,{}
221,242,{}
221,244,{}
221,227,{}
222,238,{}
223,238,{}
223,224,{}
225,249,{}
226,230,{}
226,240,{}
226,242,{}
226,247,{}
226,248,{}
227,247,{}
230,243,{}
230,245,{}
230,244,{}
230,233,{}
230,232,{}
232,233,{}
232,243,{}
232,245,{}
232,248,{}
232,242,{}
232,241,{}
233,243,{}
233,240,{}
234,235,{}
236,239,{}
237,242,{}
237,246,{}
241,243,{}
243,245,{}
246,248,{}
