,model,graph,n,p,pr,eps,gam,max_it,avg_nit,std_nit,nruns,avg_ncluster_01,std_ncluster_01,avg_ncluster_001,std_ncluster_001,avg_ncluster_00001,std_ncluster_00001,avg_mean_opinion,avg_std_opinions,avg_median_opinion,10B_avg_entr,10B_std_entr,10B_avg_norm_entr
0,rewiring,er,250,0.1,0.0,0.2,0.0,100000,134.93333333333334,143.6660324811989,30,1.9411544198569484,0.14242946483740335,1.9417803454299165,0.14283956281798454,1.9418404686064028,0.14289882567743573,0.5026152387876015,0.23002044471532074,0.5109466625945502,0.7032287532368147,0.06959079388548421,0.30841631385064644
1,rewiring,er,250,0.1,0.0,0.2,0.4,100000,79.23333333333333,17.406288774143924,30,2.0883693414217457,0.3449350066497769,2.0884028003079043,0.3449058496786826,2.088419184716756,0.34489973135891194,0.499436532672271,0.23551740350539105,0.5381339907355899,0.7586344468922351,0.14173289400760367,0.33271568972924975
2,rewiring,er,250,0.1,0.0,0.2,0.8,100000,675.1,209.84031230120357,30,2.1813086502150902,0.4209291776166305,2.181451113009511,0.4209308484113702,2.181451113009511,0.4209308484113702,0.5022549885566664,0.23823965503322944,0.5813328528401127,0.8037099915721642,0.16958684457009848,0.3524845533756887
3,rewiring,er,250,0.1,0.0,0.2,1.2,100000,24207.43333333333,7222.889378835099,30,2.4689783979965285,0.43970782556547744,2.5059918467109505,0.4585179715001289,2.5062775050916053,0.4584419714809173,0.5023705931463787,0.2492767706177737,0.4889137402381163,0.9430634228545837,0.17137234468398146,0.413601041290525
4,rewiring,er,250,0.1,0.0,0.2,1.6,100000,84369.3,28789.911101113183,30,8.061771002486331,0.4856964098556844,32.9179643355877,3.7315793441003446,61.510262214827655,11.134424340439589,0.4966900411386542,0.27906701086402025,0.4877433396324044,2.246669813667818,0.0257669436394169,0.9853260680562751
5,rewiring,er,250,0.1,0.0,0.3,0.0,100000,102.36666666666666,270.6273555196436,30,1.2045242290540232,0.37061631226166425,1.2045598723146929,0.3706019997821719,1.20456571195452,0.3705995122986547,0.4992925744680857,0.06644017064298667,0.5010145704122716,0.1748542093940525,0.257861496167398,0.07668612876587307
6,rewiring,er,250,0.1,0.0,0.3,0.4,100000,65.6,15.759864635628483,30,1.399342371564564,0.4588244771827321,1.3993629911274177,0.4588095119316434,1.3993629911274177,0.4588095119316434,0.4990899209837905,0.1030714818945342,0.5049571205285139,0.2992417088155746,0.3227592902576692,0.13123898071356122
7,rewiring,er,250,0.1,0.0,0.3,0.8,100000,589.5666666666667,424.9606007881462,30,1.5025538850981688,0.4517782309801477,1.5025637537410257,0.4517688999912234,1.5025637537410257,0.4517688999912234,0.4970223753109367,0.13185480520337192,0.4751341903696276,0.3868075133830699,0.30814707897944743,0.16964287495105748
8,rewiring,er,250,0.1,0.0,0.3,1.2,100000,22400.7,7947.193861777041,30,1.7626985089161402,0.3863004609490861,1.7790575827769015,0.3955931773085759,1.7799207286635783,0.3952969298503424,0.5009647973473209,0.1778180338474559,0.505960438521728,0.5950693660486369,0.2635741010047755,0.2609806546126216
9,rewiring,er,250,0.1,0.0,0.3,1.6,100000,96324.16666666669,16191.9585228457,30,7.947759671439288,0.4484477927572401,33.309094790974115,2.713179995260262,66.54353286076714,9.309642681502488,0.5039807152307795,0.2757159632168367,0.5065771572733894,2.2304664530938614,0.03054794447949944,0.9782197307269058
10,rewiring,er,250,0.1,0.0,0.4,0.0,100000,29.13333333333333,1.3597385369580761,30,1.0091606041136143,0.010215983299572335,1.0091798484352246,0.010255541143119714,1.0091877566438836,0.01027096088200388,0.4973621292808187,0.024282587405091413,0.4970918005773703,0.026628803145954758,0.0273724940647343,0.01167864264754287
11,rewiring,er,250,0.1,0.0,0.4,0.4,100000,47.46666666666667,2.0121851030382096,30,1.003796213987462,0.010747374569793544,1.00381650679052,0.010848974941423874,1.0038188957151932,0.010860945427250886,0.4947274516037543,0.009245803423868413,0.4942131566834344,0.010341615911508537,0.025313144710942356,0.004535541307157806
12,rewiring,er,250,0.1,0.0,0.4,0.8,100000,384.5,151.69239708480228,30,1.0067317164846847,0.009360273819616334,1.0067317164846847,0.009360273819616334,1.0067317164846847,0.009360273819616334,0.4991097901071457,0.015369349828581253,0.4985749172379563,0.01887952295118706,0.025691173093664386,0.008280026732500454
13,rewiring,er,250,0.1,0.0,0.4,1.2,100000,18581.533333333333,4737.406876715948,30,1.0251480283444283,0.02141457112605012,1.0275007665210398,0.024712624496893463,1.0275007665210398,0.024712624496893463,0.5054378688357871,0.029995923158484282,0.5059631213683224,0.07255713546473616,0.061108903900951236,0.031821514920423254
14,rewiring,er,250,0.1,0.0,0.4,1.6,100000,91948.7,20921.408706792827,30,7.850951458527117,0.5138600946167753,33.08058930444123,3.7666074156734997,67.0516402810634,7.378395485406848,0.5048813609462284,0.26553102359095315,0.5128244281468664,2.219006048315874,0.03532512584564073,0.97319352015091
15,rewiring,er,250,0.1,0.1,0.2,0.0,100000,2954.933333333333,733.1326816401578,30,2.071145011665409,0.2730212807017293,2.071161499302389,0.273014917166452,2.071165622508321,0.2730133302724969,0.5031086838269249,0.2371194931278067,0.4922935353363316,0.7755415622223106,0.12131677576234079,0.34013067406251074
16,rewiring,er,250,0.1,0.1,0.2,0.4,100000,53137.93333333333,7005.2596141914855,30,2.066101052479701,0.2843105020088093,2.066101052479701,0.2843105020088093,2.066101052479701,0.2843105020088093,0.5022712030219341,0.2337521708009448,0.5366164513260149,0.749230193815223,0.1281136076192007,0.3285912493459739
17,rewiring,er,250,0.1,0.1,0.2,0.8,100000,5547.0,4284.5558696322305,30,2.2122960244466223,0.4135448481818222,2.212428491952429,0.4134692522111706,2.212428491952429,0.4134692522111706,0.50648223986659,0.23501672327692036,0.5289893724918654,0.8304786883718706,0.16668601617345238,0.36422454943749766
18,rewiring,er,250,0.1,0.1,0.2,1.2,100000,24583.4,5920.644669853669,30,2.435982948150111,0.43157979125129575,2.469414896985771,0.4557468051839215,2.469504980093203,0.45571280575181106,0.5009970344136985,0.2442761068570271,0.5177089026913457,0.9382140036967305,0.17594879603607771,0.4114742227068171
19,rewiring,er,250,0.1,0.1,0.2,1.6,100000,80945.53333333334,31021.74989662718,30,8.199248026619049,0.5634725176856932,33.38128351246136,4.2756985387203725,61.690415431741066,9.355785366284488,0.5014297960779606,0.28056039561140983,0.501055220680253,2.251445070630218,0.031062439554323775,0.987420361190983
20,rewiring,er,250,0.1,0.1,0.3,0.0,100000,1281.4333333333334,829.6260074408361,30,1.208877129614778,0.34460471040333585,1.2097442531752196,0.3441967381610459,1.2100321580352795,0.3440662592337062,0.4935072568618337,0.07941714828238945,0.4742093107093126,0.20900094824225024,0.2359429067308477,0.09166192615343428
21,rewiring,er,250,0.1,0.1,0.3,0.4,100000,17600.666666666668,21981.77509564584,30,1.3335974595205968,0.44639452400540586,1.3335996978875622,0.4463929731870547,1.3335996978875622,0.4463929731870547,0.5008379101411751,0.0833570527637609,0.51387649748111,0.25089593942180305,0.3136207881446259,0.1100358886641108
22,rewiring,er,250,0.1,0.1,0.3,0.8,100000,2316.9,3296.605378769703,30,1.3684799166478163,0.4341262742873452,1.3684896249394236,0.4341195238127288,1.3684896249394236,0.4341195238127288,0.5017667990836155,0.09703572987807547,0.4997747410961183,0.2937110011186567,0.3046911038302878,0.12881336817565295
23,rewiring,er,250,0.1,0.1,0.3,1.2,100000,21382.366666666665,7504.1293986859155,30,1.7948716334935262,0.3832236639478975,1.810597792937548,0.3919829615775574,1.810603067176152,0.3919735592179372,0.5037158349974338,0.18291765769665755,0.5196187113633322,0.5982991721402592,0.2599359522531551,0.2623971565469432
24,rewiring,er,250,0.1,0.1,0.3,1.6,100000,94711.9,19800.619701329208,30,8.060132691058168,0.533994244838352,32.7592204898779,4.147171677342917,63.08914670080221,8.517346456520189,0.5010199510558792,0.2753747269503671,0.5012968810100799,2.23361811931679,0.04590361471823007,0.9796019627168369
25,rewiring,er,250,0.1,0.1,0.4,0.0,100000,686.7333333333332,431.20930210539535,30,1.0328863447297385,0.01865650823310691,1.034920273264067,0.01966775612887501,1.03519452726127,0.019460531232855204,0.5009566294915302,0.04549956116538263,0.5000923879634629,0.0959801135001626,0.049419272730991996,0.04209417301615695
26,rewiring,er,250,0.1,0.1,0.4,0.4,100000,1120.3333333333333,2314.2218466593813,30,1.0224406248765932,0.022161206369446244,1.0235983898395031,0.02355744199194288,1.0235995091330476,0.02355747871528431,0.4982689277523301,0.032388744449540874,0.4986563067185151,0.06433697832605617,0.053364574218925535,0.028216385647315996
27,rewiring,er,250,0.1,0.1,0.4,0.8,100000,1292.0333333333333,714.0397040003371,30,1.015167246396579,0.014603573594495394,1.0165579227641568,0.015679814568589964,1.0165626223117126,0.015689685030596288,0.4948818500289646,0.028883546256287862,0.4952219222556055,0.04516691141723106,0.040567946782182035,0.019808934522661695
28,rewiring,er,250,0.1,0.1,0.4,1.2,100000,22146.866666666665,5784.810240237406,30,1.0608841130853661,0.0362621034234186,1.072615229480785,0.03959917838955728,1.0726388191314442,0.03962088125409406,0.496870422926141,0.04831802721629778,0.4967568657128302,0.17424399547467698,0.0896410773525077,0.07641850613695196
29,rewiring,er,250,0.1,0.1,0.4,1.6,100000,93470.93333333332,18550.8513711785,30,7.7787790552128175,0.4439548027832811,33.195969232318895,3.798385850420954,64.72578179994558,8.699550328900049,0.4958828368044889,0.2676130389077932,0.4947316719839195,2.22128039451082,0.051438476156030685,0.9741909842998615
30,rewiring,er,250,0.1,0.2,0.2,0.0,100000,1415.1333333333334,360.06385853376366,30,2.0274235857036533,0.27878969474798937,2.0274235857036533,0.27878969474798937,2.0274235857036533,0.27878969474798937,0.5021961987368034,0.2327492093347404,0.5056139798658533,0.7392919614888258,0.12243018479232026,0.3242326207117056
31,rewiring,er,250,0.1,0.2,0.2,0.4,100000,34331.86666666667,5620.857607953513,30,2.0396919705755447,0.2943750855801865,2.0396919705755447,0.2943750855801865,2.0396919705755447,0.2943750855801865,0.5018394583144825,0.2309428033090108,0.5402235539019761,0.7292332988698936,0.1311315651607758,0.3198211747449141
32,rewiring,er,250,0.1,0.2,0.2,0.8,100000,14036.0,8246.286065051749,30,2.191006561007435,0.3637175103366131,2.191070500919216,0.3636961164224006,2.191097716992679,0.36368646879884026,0.4983975802174005,0.2351315270469916,0.5101523200486509,0.8254407689908635,0.14498156716543537,0.36201505996794
33,rewiring,er,250,0.1,0.2,0.2,1.2,100000,24441.73333333333,5923.186771400079,30,2.5471327835768443,0.4170315722757983,2.5940902544268414,0.4480267105377457,2.5943233691075647,0.44794990668845935,0.5025910588610969,0.25082890613730124,0.5043580460806191,0.9853146602344582,0.1644279786213143,0.43213124334547615
34,rewiring,er,250,0.1,0.2,0.2,1.6,100000,91463.03333333334,23774.021168049985,30,8.116070994761056,0.5658138730380444,32.58639807341836,4.203046988109674,61.737103829148225,10.589629569831567,0.5035733965006586,0.27906960252778235,0.5025860340061349,2.2260615401304,0.041418153433149835,0.9762878600336633
35,rewiring,er,250,0.1,0.2,0.3,0.0,100000,660.9666666666667,400.4775052636818,30,1.182193267164357,0.34517977890283064,1.1822121841663022,0.3451727486866284,1.1822121841663022,0.3451727486866284,0.5029185555045775,0.07264602266660307,0.5123175381569492,0.17463494726414983,0.23374309814956173,0.07658996657460833
36,rewiring,er,250,0.1,0.2,0.3,0.4,100000,8387.6,13613.037372558212,30,1.2021350555689627,0.39091802651164004,1.2021350555689627,0.39091802651164004,1.2021350555689627,0.39091802651164004,0.4997657058140813,0.054966096458158205,0.5118348137888267,0.15317708935457042,0.2695558320856817,0.06717915478805614
37,rewiring,er,250,0.1,0.2,0.3,0.8,100000,7780.033333333334,8372.085612252713,30,1.5637668296438307,0.4522306943049328,1.5637716061991285,0.452225352937549,1.5637810015075901,0.4522146640184607,0.4937460568390981,0.13969879894538467,0.5188326594121055,0.4246111543199552,0.30737301497507397,0.18622248654148585
38,rewiring,er,250,0.1,0.2,0.3,1.2,100000,23069.46666666667,5182.213778771472,30,1.7881642943025282,0.34505475374053163,1.8029963624391336,0.3528894634704745,1.8030167983114065,0.3529117883948938,0.5069412118922186,0.1862367523039144,0.5385523113421077,0.6091914239753746,0.23687627307505982,0.2671741912530141
39,rewiring,er,250,0.1,0.2,0.3,1.6,100000,91717.13333333332,24707.105007444494,30,7.907941519013858,0.5937095505428973,32.021109711679955,4.63975687398419,64.72842668336007,8.923038197308557,0.4943302659705228,0.2753661693551796,0.4901191322158819,2.2249314806520024,0.046278240730350924,0.975792247792049
40,rewiring,er,250,0.1,0.2,0.4,0.0,100000,411.56666666666666,281.734352814057,30,1.028650224897152,0.017072444582275647,1.0309523054673544,0.01909227854160771,1.03179336308689,0.019248335874042347,0.5074120189800514,0.04186506797689925,0.5088273455686507,0.08605280064196669,0.04374123340842108,0.03774033335292598
41,rewiring,er,250,0.1,0.2,0.4,0.4,100000,641.2,1669.3296938192484,30,1.0129376602875348,0.008329276183550451,1.013205393586461,0.008032926569114859,1.013205393586461,0.008032926569114859,0.4980006391498252,0.02570514917311149,0.4979754019644286,0.04072931114590962,0.023077743745504094,0.017862728097335547
42,rewiring,er,250,0.1,0.2,0.4,0.8,100000,757.6,359.2645821675161,30,1.0143967652001504,0.016870424375222737,1.0144060139589473,0.016885098104020092,1.0144060139589473,0.016885098104020092,0.4987047311841246,0.02600657466891839,0.4996572007986886,0.03860765252218946,0.043914224651832694,0.016932228414315825
43,rewiring,er,250,0.1,0.2,0.4,1.2,100000,22014.9,6096.2996828677415,30,1.0540972547352752,0.03925822469403144,1.0648205758452405,0.0429927056109514,1.0648474599874431,0.04304721517645403,0.5018531434308215,0.047834093747921344,0.5002466327615046,0.1522886060874305,0.10662532262806952,0.06678949106496745
44,rewiring,er,250,0.1,0.2,0.4,1.6,100000,94703.26666666666,19815.07169123768,30,7.7928509918272235,0.5275569297100453,32.918002552329625,3.740128719302304,65.94773002091895,9.086758517214477,0.5048624375799199,0.26424515242874314,0.5138611420857225,2.210339572667481,0.04014165066075499,0.9693926481569094
45,rewiring,er,250,0.1,0.3,0.2,0.0,100000,963.0,261.6758809417992,30,2.040232209037283,0.2118514965630563,2.0402362615675798,0.211849754497115,2.0402362615675798,0.211849754497115,0.49917139498821,0.2353252662093921,0.5121709441913292,0.7513457593742031,0.09923254099132511,0.32951907678250403
46,rewiring,er,250,0.1,0.3,0.2,0.4,100000,27611.6,6122.4812813107055,30,2.117519857041939,0.3428500965496345,2.117519857041939,0.3428500965496345,2.117519857041939,0.3428500965496345,0.4994065554633085,0.2346309617343822,0.4847216215377194,0.7744699004931844,0.1468675944429938,0.3396606734280506
47,rewiring,er,250,0.1,0.3,0.2,0.8,100000,33869.93333333333,22466.560568888945,30,2.1594796485784142,0.3553667315924421,2.1594796485784142,0.3553667315924421,2.160094328306492,0.35505554534497125,0.501529278363479,0.2342773249688207,0.4684565715954561,0.7914582993008942,0.15782162887002796,0.3471113064039951
48,rewiring,er,250,0.1,0.3,0.2,1.2,100000,22372.266666666666,4815.010605272733,30,2.5143024351809427,0.4540902561307624,2.562555612111514,0.4870570109086058,2.5627559713186288,0.4871352879739624,0.5010525901285784,0.246003531427282,0.5448927628240676,0.9764780649749424,0.19848311068557545,0.4282557616840882
49,rewiring,er,250,0.1,0.3,0.2,1.6,100000,87676.46666666666,29389.800224718925,30,8.067810940583389,0.4861693113509482,31.128154269776694,4.38366160821578,61.32769482802327,10.83969776245782,0.4984753812791022,0.2816625555668565,0.4911521259234111,2.2404546783414676,0.03372726522069391,0.9826002848475922
50,rewiring,er,250,0.1,0.3,0.3,0.0,100000,405.4333333333333,285.7829809877107,30,1.121341615826874,0.24793462775894465,1.1219196767428896,0.2477118212227131,1.1219361097249425,0.247707001669262,0.4998407642275957,0.057532850760994285,0.5040055241476893,0.1451590902506466,0.18844603654080502,0.06366268633208387
51,rewiring,er,250,0.1,0.3,0.3,0.4,100000,13166.466666666667,12924.576820237566,30,1.4793029352825302,0.4800374281727354,1.4795706685814562,0.4797721964506272,1.4795706685814562,0.4797721964506272,0.5001040487171904,0.1131961641547555,0.5361410866819684,0.3434348833231049,0.3385178007037529,0.15062086166799502
52,rewiring,er,250,0.1,0.3,0.3,0.8,100000,14882.4,15157.710112018898,30,1.5503517396996178,0.4662009115594791,1.5503517396996178,0.4662009115594791,1.5503517396996178,0.4662009115594791,0.49436620738888504,0.13277060737603427,0.4944918645402612,0.40715844371658144,0.3161353900665648,0.17856821949648918
53,rewiring,er,250,0.1,0.3,0.3,1.2,100000,20687.13333333333,5578.123571795647,30,1.7698055172956202,0.3457846148058539,1.7823421284233512,0.348290802616569,1.7823421284233512,0.348290802616569,0.4974203334027673,0.18273275463258773,0.4436937767407301,0.5878216121905632,0.2117286857437047,0.25780199401560366
54,rewiring,er,250,0.1,0.3,0.3,1.6,100000,87849.83333333331,28227.523393647003,30,8.05021208666267,0.4689800909151883,34.471329105900175,3.538416518745167,69.07832107373629,8.474398738363474,0.4991684463102951,0.2735165499566159,0.4989725086955706,2.2269883790707916,0.044574779250110566,0.9766943454741591
55,rewiring,er,250,0.1,0.3,0.4,0.0,100000,260.4,202.20263763528567,30,1.017585708961664,0.011281851348539216,1.0189648985838349,0.01175109709923944,1.0189660178773796,0.011751612048003237,0.5026883021957851,0.03769721297332844,0.5030526126746194,0.05516337311259598,0.03262251755839084,0.024193100917228046
56,rewiring,er,250,0.1,0.3,0.4,0.4,100000,1035.5666666666666,1358.3174808890922,30,1.0137850577193477,0.011577059007780686,1.015697645279574,0.011559434172907404,1.0156987827703,0.01156110367270076,0.4969721488250315,0.02833615396370915,0.4966680175310612,0.04485808969125749,0.03263437533615296,0.019673494016392058
57,rewiring,er,250,0.1,0.3,0.4,0.8,100000,1437.7666666666669,1624.4258202686747,30,1.0128157610560224,0.018104687384807704,1.0137001834845154,0.020029160402734537,1.0137088230910445,0.020055876347982917,0.4989587463501887,0.02203765289555524,0.4991808541249681,0.03601526899968754,0.04803093851802952,0.015795282055940815
58,rewiring,er,250,0.1,0.3,0.4,1.2,100000,29171.5,25657.566194984283,30,1.0495094093088573,0.04805680251199297,1.0609515459665102,0.06181229418034295,1.06099390061155,0.061902543019544135,0.4974421092942473,0.038642045393887936,0.4955619815320306,0.1398950225709168,0.1252126563956923,0.06135401459167244
59,rewiring,er,250,0.1,0.3,0.4,1.6,100000,87293.23333333334,29110.30495509947,30,8.014517888061794,0.7368912616899621,34.444957786628805,8.063417024880438,75.00270558311767,25.825368544568096,0.5062587049167102,0.2728023218201457,0.5170571904816617,2.218527142669951,0.04291944993168385,0.9729834856303959
60,rewiring,er,250,0.1,0.4,0.2,0.0,100000,809.1666666666665,276.405991653984,30,2.0272159242954864,0.2778233559304253,2.0272159242954864,0.2778233559304253,2.0272159242954864,0.2778233559304253,0.5048453750926055,0.23079906506568826,0.5357068250298698,0.743426794951315,0.11914916615564924,0.3260460421467899
61,rewiring,er,250,0.1,0.4,0.2,0.4,100000,23098.4,5019.56297964939,30,2.104288207021828,0.3928298961957256,2.104288207021828,0.3928298961957256,2.104288207021828,0.3928298961957256,0.4988059607710376,0.2360977983686107,0.516359850863259,0.7611146232005346,0.16231180725477568,0.33380342516552797
62,rewiring,er,250,0.1,0.4,0.2,0.8,100000,50412.16666666666,26859.496954936112,30,2.115190863779555,0.3508105288273823,2.1152169540666725,0.35080359306936504,2.1152169540666725,0.35080359306936504,0.4991952488220495,0.232384975534872,0.5256690972311198,0.7794734088102865,0.15070289093048317,0.34185507117469965
63,rewiring,er,250,0.1,0.4,0.2,1.2,100000,33027.166666666664,24392.592744633683,30,2.3131894407783085,0.3860261523065288,2.3422912803489138,0.3907592596796692,2.3484002289826824,0.3942664724155582,0.5056820251822797,0.2439154423569723,0.5170012528180455,0.8953839865387796,0.1606848299773406,0.3926901841514897
64,rewiring,er,250,0.1,0.4,0.2,1.6,100000,77999.46666666666,36455.712313923534,30,8.208662574316756,0.6894912551046442,36.371728442594645,9.219316627615523,75.5203894493339,33.95931026172998,0.4989679322453256,0.2796302458682263,0.4970839780558665,2.2386860308092174,0.03748232109574441,0.9818246058812716
65,rewiring,er,250,0.1,0.4,0.3,0.0,100000,281.6333333333333,172.65041429303193,30,1.1038234231924982,0.2600419026603593,1.1038396516280171,0.2600380889333798,1.1038419636675545,0.2600375305790857,0.5018247836446227,0.05038244468164176,0.496227480111481,0.11333391884407483,0.1862502584928345,0.049705063001550774
66,rewiring,er,250,0.1,0.4,0.3,0.4,100000,4021.7,7178.708570720316,30,1.1352746527725683,0.3261778150309662,1.1352757541588652,0.3261774127687809,1.1352757541588652,0.3261774127687809,0.4974783220325496,0.042914228060977166,0.489944619909947,0.10953447201106865,0.2271049133716218,0.048038732690803845
67,rewiring,er,250,0.1,0.4,0.3,0.8,100000,28178.83333333333,31393.64593468274,30,1.5060041339360295,0.4593826553541165,1.506026892209008,0.459362024943374,1.5060293075094764,0.4593597122002205,0.4993714003415891,0.12852239865805656,0.5036934639396159,0.38470892395882045,0.3121491402703659,0.16872249276882467
68,rewiring,er,250,0.1,0.4,0.3,1.2,100000,32285.8,24814.394272142403,30,1.7714528823128732,0.35883450711629605,1.7989198113940816,0.3644039031672801,1.8275629252924583,0.3645555544925471,0.4960588337523624,0.1840602723428452,0.4917524620263666,0.6241538190390805,0.21732123492446823,0.2737362760805827
69,rewiring,er,250,0.1,0.4,0.3,1.6,100000,81138.66666666669,34574.75715058924,30,8.15489670230943,0.7253528659964663,35.768782235682934,7.735886643993777,77.2899415486299,32.795612699503515,0.5010649560951517,0.27507080033627473,0.5000539797547812,2.2354971492956044,0.04094499666818767,0.9804260523135909
70,rewiring,er,250,0.1,0.4,0.4,0.0,100000,209.96666666666667,110.43323271954365,30,1.0181382949749769,0.011769639144747669,1.0195068557891207,0.011200443329645152,1.0195068557891207,0.011200443329645152,0.4930981550738312,0.03688456874084066,0.492561930467762,0.05534930074604811,0.03157406875275188,0.02427464353773146
71,rewiring,er,250,0.1,0.4,0.4,0.4,100000,1576.5666666666666,2952.8918106756896,30,1.0067419793058867,0.009424014712533988,1.0067430806921829,0.009425113458894269,1.0067442366734412,0.009429317059020885,0.4961385517582153,0.016258005215267032,0.4959401440570803,0.020358223911083554,0.02707122432080522,0.008928543303018314
72,rewiring,er,250,0.1,0.4,0.4,0.8,100000,2093.1,3260.138456671229,30,1.02018272001465,0.01892301437645041,1.0207796661111557,0.01994846418828309,1.0207808607757558,0.0199507110033573,0.5028780697405523,0.033320611259227334,0.5032855945170324,0.056325425369337066,0.053520695586321915,0.024702744289852228
73,rewiring,er,250,0.1,0.4,0.4,1.2,100000,30021.566666666666,26540.770110257832,30,1.0503933313362117,0.03961965253953687,1.0602597860158596,0.0425315293148716,1.0605951226997277,0.04283982984613807,0.5012263768238233,0.04306011676282386,0.5022271375185203,0.14485322798664643,0.09672639871686911,0.06352854376243672
74,rewiring,er,250,0.1,0.4,0.4,1.6,100000,83758.96666666666,30020.174159480743,30,8.204868039282642,0.6567446297467032,36.60357013239985,6.531265351957053,78.25937846228993,20.81528789965368,0.5031512222208455,0.2717200172650299,0.4943788907327006,2.2358297665986067,0.03511149572865766,0.9805719288893747
75,rewiring,er,250,0.1,0.5,0.2,0.0,100000,574.4666666666667,183.66595281167992,30,2.0614947469725378,0.26953656600049725,2.0614947469725378,0.26953656600049725,2.0614947469725378,0.26953656600049725,0.4993711611771771,0.2368320536352145,0.5517766819904808,0.7488422226446559,0.116177568048944,0.3284210961237743
76,rewiring,er,250,0.1,0.5,0.2,0.4,100000,18985.8,3387.1532334198682,30,2.0507103978397585,0.331412318752474,2.0507103978397585,0.331412318752474,2.0507103978397585,0.331412318752474,0.4969983158175813,0.2334689061905155,0.4966443885776117,0.7430078835916596,0.14218748808683992,0.32586231942956534
77,rewiring,er,250,0.1,0.5,0.2,0.8,100000,64544.2,27921.468130454745,30,2.254412736959332,0.42974764263907306,2.254412736959332,0.42974764263907306,2.254412736959332,0.42974764263907306,0.5054126157212834,0.2380066122175769,0.5021736888774113,0.8307829525327187,0.1748066009786619,0.36435799112413764
78,rewiring,er,250,0.1,0.5,0.2,1.2,100000,37343.66666666666,28215.81629433314,30,2.4319350114112748,0.42466704929857546,2.467763860285382,0.4416456932744488,2.5571806347908987,0.5472859200476189,0.5025279531993463,0.24094177870523306,0.5139635284263646,0.9486662973282599,0.17683153016381725,0.4160583041430255
79,rewiring,er,250,0.1,0.5,0.2,1.6,100000,83186.1,31864.385527157643,30,8.176239841135482,0.6601364492648277,36.04305520177829,7.370591004436048,75.2928949747734,32.5140912664761,0.5008632516055789,0.2813425180648221,0.4996848945271186,2.2383854101612903,0.04424641464288897,0.981692762136723
80,rewiring,er,250,0.1,0.5,0.3,0.0,100000,250.9333333333333,183.8261739313045,30,1.1640547721901902,0.326786700749852,1.164344841297219,0.32668093649317914,1.164344841297219,0.32668093649317914,0.4993684490674225,0.06159117358846403,0.4921953712027554,0.15260256464162555,0.23366381157898658,0.06692718443933679
81,rewiring,er,250,0.1,0.5,0.3,0.4,100000,5155.866666666667,7186.400831818079,30,1.2374327811578116,0.4047531161670036,1.2374327811578116,0.4047531161670036,1.2374327811578116,0.4047531161670036,0.5004343613748236,0.06495863646036225,0.4934667950746789,0.18275999812721602,0.283633840990238,0.08015338491537123
82,rewiring,er,250,0.1,0.5,0.3,0.8,100000,39132.833333333336,33763.92644631578,30,1.568521695886282,0.4585971486574386,1.5685264724415795,0.4585918319169444,1.5685264724415795,0.4585918319169444,0.5030656271345253,0.14280707092306286,0.5473568722130381,0.42147523324804415,0.314494488394637,0.1848471599310853
83,rewiring,er,250,0.1,0.5,0.3,1.2,100000,34771.666666666664,29163.863887047308,30,1.7187651621354192,0.4158068822850277,1.74539744191367,0.43351462762115534,1.755359951760796,0.4446568625470033,0.4988416484725576,0.16511981175482646,0.5254653399859738,0.5686138470468115,0.2748306198918116,0.24937800950746467
84,rewiring,er,250,0.1,0.5,0.3,1.6,100000,87514.1,28218.148421834245,30,8.118308642892531,0.7550077953908808,36.37734865203011,7.402449399036803,79.56329857302791,26.974927175992516,0.5001303597551364,0.2781260133204858,0.5099361252926634,2.234039481658116,0.04599063863645697,0.9797867603655523
85,rewiring,er,250,0.1,0.5,0.4,0.0,100000,124.03333333333332,108.39756557332005,30,1.0129437366344451,0.009536353873030392,1.0143140634641228,0.010029231150232576,1.014315182757667,0.010030353505997123,0.5037930450388198,0.027891701535137425,0.5036532619820967,0.03966236487091648,0.026576924955799726,0.017394795528174443
86,rewiring,er,250,0.1,0.5,0.4,0.4,100000,1082.7666666666667,2175.5955151533926,30,1.007034470271217,0.011693592269398308,1.0078539811792926,0.012202305375074256,1.0078539811792926,0.012202305375074256,0.499486735164791,0.013723046431365448,0.4996066609585629,0.022718168088603385,0.033517995271713674,0.00996354831493491
87,rewiring,er,250,0.1,0.5,0.4,0.8,100000,1348.0666666666666,1784.0079023243018,30,1.0102821497319712,0.013641895378499452,1.0105658694291848,0.013705030603214085,1.0105774305431952,0.013730814881013185,0.4979481289242987,0.021294253226228587,0.4973289240862498,0.027903324593724996,0.03508648324178467,0.012237611837917418
88,rewiring,er,250,0.1,0.5,0.4,1.2,100000,29381.4,27990.808698094694,30,1.0426224050972397,0.04012168261387266,1.0507825441015666,0.042254907045232604,1.052040426671108,0.04403741259304137,0.5009262418718057,0.03938865088441621,0.5007277643902609,0.1169300557101022,0.08782083835277621,0.051282227290151874
89,rewiring,er,250,0.1,0.5,0.4,1.6,100000,79546.0,32415.050348050776,30,8.127306136373827,0.7048372421047372,36.01737224045957,8.348484988590473,78.83697851908829,30.31611063626669,0.5005519471307646,0.27207098758032,0.4944536855266749,2.2287047879999293,0.04511177835963394,0.9774471140612632
90,rewiring,ba,250,5.0,0.0,0.2,0.0,100000,254.8333333333333,102.01832624038136,30,2.057597981682357,0.11819927111989845,2.0743905309929214,0.12781607764772546,2.075250773725586,0.12836862309956354,0.4967264952276353,0.2282188513881904,0.4497210094450875,0.8253041787654609,0.0834078145161449,0.3619551553442556
91,rewiring,ba,250,5.0,0.0,0.2,0.4,100000,372.9,302.67940685374236,30,2.073424025411836,0.3505392753920434,2.0915539852562994,0.3661468126211721,2.0958314421531425,0.3698364751564516,0.4976614455767296,0.22920021128255824,0.4750332689731579,0.8333064374052407,0.1662684149942914,0.365464720476228
92,rewiring,ba,250,5.0,0.0,0.2,0.8,100000,4268.2,2474.0485363064317,30,2.2398244805009733,0.3140721972498933,2.2766623194110074,0.3322404470334229,2.278547041815401,0.3328976688003724,0.5041862417080447,0.2430001777739802,0.5228680670830214,0.9142476956829395,0.13854472084188935,0.4009632753938686
93,rewiring,ba,250,5.0,0.0,0.2,1.2,100000,76243.66666666669,17476.275200650995,30,2.7471253485875704,0.4668486106206474,3.006250902374084,0.5522557798449622,3.1170428568927715,0.6180559647373491,0.4995944311214511,0.2516681384347918,0.4994896274018229,1.1594004143068066,0.17839090738647626,0.5084803492626844
94,rewiring,ba,250,5.0,0.0,0.2,1.6,100000,6791.4,6160.816323615996,30,8.349716806660709,0.34087827893167644,38.00837122542158,2.0784164064469186,83.14018145535906,7.42867751587616,0.4983731301034181,0.28270248778777746,0.4963528965793351,2.244709344097394,0.027973711178132434,0.9844662613496473
95,rewiring,ba,250,5.0,0.0,0.3,0.0,100000,104.6,146.01748753716683,30,1.1555502188394091,0.2595751361947991,1.1582582863109252,0.2657721791138285,1.1583193788850399,0.26577543102103424,0.4999974457715392,0.08360123917228224,0.500695509266835,0.21468939121411526,0.21163892863816358,0.09415671693787968
96,rewiring,ba,250,5.0,0.0,0.3,0.4,100000,162.93333333333334,158.89219266184503,30,1.2267735873945276,0.3286606806976205,1.2294492514114816,0.3329372692403635,1.230026986009419,0.3339972849508736,0.5019016626830267,0.09424325083561716,0.4952760860737755,0.2611772180901902,0.23837341454781608,0.11454496775676762
97,rewiring,ba,250,5.0,0.0,0.3,0.8,100000,2473.2,1273.585055398081,30,1.3825051058424558,0.3911929977359957,1.3844780014431968,0.3915232266638726,1.3846926131788595,0.39148080928824797,0.5067891281265599,0.12141724749453628,0.5164996351013914,0.3895177776319375,0.24706333009447995,0.17083152047408184
98,rewiring,ba,250,5.0,0.0,0.3,1.2,100000,67212.46666666666,15113.807507779838,30,1.5946620437703618,0.397375588978289,1.6571208341454675,0.42957166093984056,1.661686282764146,0.4330348890964244,0.5053263282444859,0.1545247048640065,0.5447241660097466,0.5877574929833252,0.23361310145101657,0.2577738731382187
99,rewiring,ba,250,5.0,0.0,0.3,1.6,100000,7784.5666666666675,6430.501839842846,30,8.25860609384058,0.4159397080904206,37.86763444870653,3.120347090323547,83.0502254974534,6.8101522715381275,0.5020591671843087,0.27691599347612456,0.5063225074276423,2.232791760632881,0.031027991522954566,0.979239545085253
100,rewiring,ba,250,5.0,0.0,0.4,0.0,100000,38.5,1.8929694486000912,30,1.0274562396715248,0.015146997625761969,1.0275585847528823,0.015260885481151443,1.0275960515876679,0.01531096203703854,0.5011359286938663,0.0524162166567046,0.5004286548366276,0.07328764004418661,0.03424567673737626,0.03214189364300551
101,rewiring,ba,250,5.0,0.0,0.4,0.4,100000,77.36666666666666,5.388155734778109,30,1.0129933015374366,0.014744742703149037,1.0130324686196617,0.014856651859287919,1.0130371353854832,0.01486715598522986,0.500780496009153,0.02785828365485577,0.5007285675664233,0.03561179654024531,0.036515124247724004,0.015618330405274276
102,rewiring,ba,250,5.0,0.0,0.4,0.8,100000,1488.3666666666666,533.0359264523255,30,1.0218258257426007,0.023468282336692518,1.021931966611436,0.023656134763371663,1.0219560853936571,0.0236983108805168,0.5037018892235356,0.034667823860030283,0.5045436592825543,0.05579001892348546,0.05666109608303067,0.0244679301107087
103,rewiring,ba,250,5.0,0.0,0.4,1.2,100000,51812.86666666667,9833.682635829886,30,1.08217170057985,0.04552739337309938,1.1007710082780668,0.05060548724443482,1.1008431062996422,0.0506954342704537,0.5004953361050637,0.0564361997861589,0.4987890630607567,0.21986401900293626,0.1040077495610997,0.09642616286259693
104,rewiring,ba,250,5.0,0.0,0.4,1.6,100000,8686.166666666666,6336.497161067953,30,7.99461632263005,0.38004816254113627,37.57985997800709,1.940901881924676,83.7922564717642,6.343337712399593,0.4991754714337034,0.2661476604916352,0.5009911044324403,2.220468997086974,0.03618872219561684,0.973835128255326
105,rewiring,ba,250,5.0,0.1,0.2,0.0,100000,1070.8333333333333,266.65734358702537,30,2.0360141107090977,0.1486328049764271,2.0374378187166533,0.14851003832478055,2.037479382738564,0.1485223350024318,0.497302057360718,0.23019636838010674,0.4494076655839344,0.7545816404510963,0.0708041730291776,0.3309382430341695
106,rewiring,ba,250,5.0,0.1,0.2,0.4,100000,20757.1,3499.012263958692,30,2.0032663586217665,0.2149749304281797,2.0032663586217665,0.2149749304281797,2.0032663586217665,0.2149749304281797,0.4982493213722952,0.2328117264783418,0.447497226402872,0.7326439949063714,0.10139722480394457,0.3213170099114851
107,rewiring,ba,250,5.0,0.1,0.2,0.8,100000,5551.6,2963.5106726088684,30,2.2133368021296387,0.3154216244328326,2.2163581609210508,0.31948541594580404,2.216795126955473,0.3194088195539458,0.5004353807986555,0.24129893719515744,0.5681429840515407,0.8456632240399017,0.1362240404906764,0.370884058874096
108,rewiring,ba,250,5.0,0.1,0.2,1.2,100000,74055.56666666668,15505.392261367942,30,2.471738203405496,0.4353483137264293,2.638761499662273,0.5151790339709306,2.734723171731043,0.7017136612508259,0.49828243294712105,0.24432096691296745,0.5175324064122692,1.005818502624183,0.17992600883206247,0.4411236508096289
109,rewiring,ba,250,5.0,0.1,0.2,1.6,100000,6328.633333333332,5485.504689533032,30,8.371553026082609,0.3960539853570675,39.36748012204496,2.53692134362232,90.96909160800915,5.7426019785187625,0.5052378983500474,0.2814828421711583,0.5044758812942367,2.2603723804303195,0.019684085271060178,0.9913356276934931
110,rewiring,ba,250,5.0,0.1,0.3,0.0,100000,471.7,217.1528110187233,30,1.2424767838676232,0.3661210382392647,1.2442705408073873,0.36582279027421466,1.2442754429685488,0.3658204895732163,0.4999965549071453,0.09114974803377317,0.481970308148321,0.2526634627275974,0.24209210156140504,0.11081107457638908
111,rewiring,ba,250,5.0,0.1,0.3,0.4,100000,5195.033333333334,6836.067229449661,30,1.17454131826798,0.33564976018239817,1.1748435740748358,0.3355487391295506,1.1748446933683805,0.3355482371971753,0.5018270896501623,0.06256856683789193,0.5185793669002139,0.16823216513069403,0.232965089562714,0.07378188676430482
112,rewiring,ba,250,5.0,0.1,0.3,0.8,100000,3321.133333333333,2238.62049386571,30,1.5324683090604978,0.4617249130178527,1.532485355532164,0.4617078040831006,1.532499677438923,0.4616930785500099,0.5038428212405166,0.13648935908541912,0.4908451772826792,0.4128774546432281,0.2943697101022899,0.1810764165244824
113,rewiring,ba,250,5.0,0.1,0.3,1.2,100000,59923.03333333332,13958.250648471518,30,1.7119918960702545,0.4042951661253177,1.7598172330204118,0.4241869395658544,1.76012529363601,0.4242401231420517,0.503859175949192,0.17089904974778652,0.5152729569386524,0.6077956337659216,0.243105621330399,0.26656203700117653
114,rewiring,ba,250,5.0,0.1,0.3,1.6,100000,9877.566666666668,6888.9881002623,30,8.30485759659809,0.3459918421867438,39.54091542490282,2.7794391534690392,91.04116951006368,6.8586479722438165,0.5012804602900003,0.2783867057123683,0.4997475085742081,2.247409678893468,0.024117742686003973,0.985650552094493
115,rewiring,ba,250,5.0,0.1,0.4,0.0,100000,332.46666666666664,191.76508777378868,30,1.0639641320775926,0.030491294112600462,1.0700620630844406,0.032314254194705086,1.0710165105515326,0.033215313463664166,0.4990211499049417,0.058314326922185564,0.4994317109298394,0.18025039142252822,0.07811383264715449,0.07905274213659959
116,rewiring,ba,250,5.0,0.1,0.4,0.4,100000,708.9666666666667,1323.6783215301552,30,1.0485937015164897,0.02560304817575908,1.057039333540134,0.02697831174202421,1.0573385493833491,0.027049341433567874,0.5041195007271756,0.04809744163576375,0.5043953602527832,0.14714159991601314,0.07042828259082819,0.06453215920325317
117,rewiring,ba,250,5.0,0.1,0.4,0.8,100000,2773.5333333333333,1221.3856539011565,30,1.0206312848763253,0.014527726784363124,1.0240117956771364,0.017391308904767,1.0242807233170637,0.017080977216631325,0.5012406584991091,0.03185717134948498,0.5015667306159336,0.0654963252183605,0.04208643821246264,0.02872484252333667
118,rewiring,ba,250,5.0,0.1,0.4,1.2,100000,53654.7,9197.817422809248,30,1.1015840497597345,0.05402778328837795,1.1347207407270523,0.058705683411918536,1.136714017049376,0.058338052663841275,0.5035026324781557,0.05826919209260439,0.5056009762528744,0.27311885608661896,0.10431149510687732,0.119782233660992
119,rewiring,ba,250,5.0,0.1,0.4,1.6,100000,7491.6,7302.414215403925,30,8.343394233427336,0.29059040241302986,39.8297995207092,2.19495855588308,92.252310887926,6.179907284717183,0.5017758059042932,0.2720176188761042,0.5081916946213093,2.2428275568481175,0.03032553524098578,0.9836409624917698
120,rewiring,ba,250,5.0,0.2,0.2,0.0,100000,457.26666666666665,97.71179844601956,30,1.988673689782067,0.13964623918084068,1.9897593767735604,0.13951601605773029,1.9897593767735604,0.13951601605773029,0.4997252471062542,0.2319242084519517,0.4967775336473289,0.738266010137253,0.06349579256203527,0.3237826673607003
121,rewiring,ba,250,5.0,0.2,0.2,0.4,100000,13740.366666666667,2358.145082945963,30,2.0690396531675126,0.30765333125151784,2.0690396531675126,0.30765333125151784,2.0690396531675126,0.30765333125151784,0.5007102910239357,0.22793284447306886,0.4855125895975712,0.7652415116324752,0.13540514175918045,0.33561336213410836
122,rewiring,ba,250,5.0,0.2,0.2,0.8,100000,8172.5666666666675,4549.393568988679,30,2.169076698114597,0.33858601769821217,2.1694928185990108,0.3385420544927356,2.1695845882540032,0.3385164108826649,0.4942584580277684,0.2429462264738965,0.4755027911237424,0.811393002319784,0.14713098335479327,0.3558541053787164
123,rewiring,ba,250,5.0,0.2,0.2,1.2,100000,74089.23333333334,16243.836196505088,30,2.341574699601749,0.4327700073069529,2.458815134399896,0.5321036654503816,2.4723599366353683,0.5330214335159594,0.5045000981317009,0.24099668356605106,0.4948920117273381,0.9633940382475311,0.1902633201792333,0.4225174762755099
124,rewiring,ba,250,5.0,0.2,0.2,1.6,100000,7661.6,7697.747521623885,30,8.442734469026297,0.2973826466824899,40.15569234112151,2.64264948897284,91.45046071496124,6.993796200368745,0.4986837690582108,0.28408346285345315,0.4989580166808113,2.2609947138833153,0.01867228682502884,0.9916085656083259
125,rewiring,ba,250,5.0,0.2,0.3,0.0,100000,263.93333333333334,186.5473904638949,30,1.1752598503670049,0.30749257241264044,1.1762364642540206,0.3071992240667507,1.1765293261186736,0.3070828440473736,0.5035752407071005,0.07650003384792077,0.5165581961629353,0.19801064068801008,0.21695372047176234,0.08684188697221183
126,rewiring,ba,250,5.0,0.2,0.3,0.4,100000,4399.766666666666,5342.756015911222,30,1.2084002311676845,0.3680545257633481,1.208693911477741,0.3679085828036616,1.208693911477741,0.3679085828036616,0.5053409935882324,0.07067561706060747,0.5018644458739806,0.1865662815236568,0.25239721293537587,0.08182271355018299
127,rewiring,ba,250,5.0,0.2,0.3,0.8,100000,6839.366666666668,6462.504594367591,30,1.5292970402268025,0.4506547829507758,1.5300695225829026,0.451298702388545,1.5300748738402117,0.4512938388929679,0.5039262297114673,0.12796747197670527,0.5002027178047668,0.40568209433210617,0.3108852644136662,0.17792073426068256
128,rewiring,ba,250,5.0,0.2,0.3,1.2,100000,64229.03333333332,11708.638293964372,30,1.7620735198526547,0.38634353276037536,1.811877770170313,0.4065951140807768,1.812182958010606,0.4067675846495486,0.4987013138047291,0.17436210227324114,0.5298318408880761,0.621367226823503,0.2539808252166403,0.2725141552623176
129,rewiring,ba,250,5.0,0.2,0.3,1.6,100000,7230.2,5583.335904875029,30,8.423007027376178,0.35126305504394856,39.400480749955356,3.0100936867883767,91.5631652303027,7.4210768673982255,0.5038724974431,0.2783858295750931,0.5106373611620397,2.2560890918177035,0.020228058812214476,0.9894570980130996
130,rewiring,ba,250,5.0,0.2,0.4,0.0,100000,176.8,107.74890564022759,30,1.0481851002805385,0.023300257806428453,1.0529451196910136,0.025268908157252815,1.0544319155556114,0.025981065283901712,0.5037471541318336,0.05667519467161486,0.503796997486193,0.14247450885535842,0.06150686643461005,0.06248530458488448
131,rewiring,ba,250,5.0,0.2,0.4,0.4,100000,548.3666666666667,774.7121823977957,30,1.033237655875208,0.02160744726200089,1.037609108337756,0.024845529147185928,1.0384658947651857,0.024861823269338626,0.5025225978412048,0.04176715072537788,0.5028107075994852,0.10251706084795834,0.06409857193411055,0.04496109390863074
132,rewiring,ba,250,5.0,0.2,0.4,0.8,100000,2338.233333333333,1124.4534578580335,30,1.016920252336788,0.02169916751803245,1.0175628373808299,0.02285303382870927,1.0175777601354896,0.02289456513098117,0.5037499773546521,0.02913196780651945,0.5017801701559131,0.046483819014388666,0.053641446947043335,0.0203864930836958
133,rewiring,ba,250,5.0,0.2,0.4,1.2,100000,49273.03333333333,9302.816779461058,30,1.083542682281663,0.052271776792434034,1.1020562717489055,0.060491405151431685,1.1025292064674013,0.061138085488873416,0.5026587008509116,0.05336395155899865,0.5008805996289608,0.2187449794621282,0.12311097558373457,0.0959353836550623
134,rewiring,ba,250,5.0,0.2,0.4,1.6,100000,10324.933333333332,10187.44981151918,30,8.269903297215434,0.31704681149409936,39.11550239893857,2.442399727351431,90.56724351779707,6.57880899268031,0.4967490795608146,0.2728368331395067,0.4880444801320436,2.2455439895906526,0.027172023165872573,0.9848323133422856
135,rewiring,ba,250,5.0,0.3,0.2,0.0,100000,318.8,92.96967247441502,30,1.9803292471306608,0.2211849123972759,1.981589011588562,0.2208852500959435,1.981647615390732,0.22088649707959712,0.500271064141038,0.2329167167967392,0.4856479086215931,0.7246881527559661,0.0946699766369809,0.31782780174371367
136,rewiring,ba,250,5.0,0.3,0.2,0.4,100000,10288.666666666666,1585.9893932670404,30,1.9723379835174573,0.2421271182703221,1.9723379835174573,0.2421271182703221,1.9723379835174573,0.2421271182703221,0.4989247017601458,0.2315848745478627,0.4548499541884823,0.7125361480138243,0.0998876790349053,0.312498274913054
137,rewiring,ba,250,5.0,0.3,0.2,0.8,100000,16990.4,9029.987266879174,30,2.07453924445136,0.2945291112258125,2.074690934190334,0.2944854111422977,2.074690934190334,0.2944854111422977,0.4976558363750613,0.2330302917839774,0.5079377041655058,0.772944084428471,0.13302460546679856,0.33899149350028596
138,rewiring,ba,250,5.0,0.3,0.2,1.2,100000,72937.26666666666,13944.494970975305,30,2.7266169232064352,0.4021915554574141,2.865404536965336,0.4629424383684102,2.932886092374296,0.482931106279488,0.4974661751675521,0.2515980656242374,0.4879844799282424,1.1106206303539816,0.14036493880756948,0.4870869106583688
139,rewiring,ba,250,5.0,0.3,0.2,1.6,100000,6703.3,5078.405682560884,30,8.339261839632705,0.2918441156182389,39.68389961522609,2.7443329878687948,90.38427264809245,7.213615270543528,0.5013763414341617,0.2823690780603748,0.4984762285581613,2.2586985598011777,0.02290450737189341,0.9906015371346089
140,rewiring,ba,250,5.0,0.3,0.3,0.0,100000,162.63333333333333,126.82730603287115,30,1.1501242858696843,0.3174208918981425,1.1507360455808402,0.31720554917471744,1.1507383609593185,0.31720476070668663,0.5056437633603584,0.06447187299086712,0.5055050950022556,0.15321435325441665,0.2137496248452165,0.06719549768441437
141,rewiring,ba,250,5.0,0.3,0.3,0.4,100000,4287.166666666667,4570.903602012286,30,1.3152782935189429,0.4324627876431134,1.3152782935189429,0.4324627876431134,1.3152782935189429,0.4324627876431134,0.5047100925579008,0.08193665463335051,0.4994304322653773,0.24325042297847901,0.30704487426213695,0.10668278060633997
142,rewiring,ba,250,5.0,0.3,0.3,0.8,100000,7842.2,8912.076635666908,30,1.3856619280764504,0.4480796372068605,1.3856789659751565,0.4480675706377952,1.3856839838678459,0.4480641973346135,0.5005606037123006,0.10378744681527337,0.4736608481133905,0.3050388590735259,0.30558835394678685,0.13378144745026127
143,rewiring,ba,250,5.0,0.3,0.3,1.2,100000,58101.03333333332,14891.804205632334,30,1.8689235662305552,0.3253250318650847,1.9707193047487368,0.3208838321424961,3.341098310076013,7.4126722034183565,0.5039030252224758,0.19196043522177705,0.5527531499660138,0.7202961645065024,0.19249953232677156,0.3159015994658059
144,rewiring,ba,250,5.0,0.3,0.3,1.6,100000,6839.233333333334,5630.634586399259,30,8.342823252593819,0.3912006522781161,38.80802368656773,2.6494482995418216,90.80401297292471,7.8615593661811065,0.4982340558877276,0.2793576149455938,0.4942444989125843,2.2510874393198677,0.02180380291805182,0.987263514176483
145,rewiring,ba,250,5.0,0.3,0.4,0.0,100000,138.83333333333334,102.56902824710563,30,1.0319455792119565,0.0132092878295868,1.0353515926955288,0.01446262566149083,1.0353598592339186,0.01447234817522357,0.4971608378601503,0.04509257630554685,0.4973153570700869,0.09971605546252471,0.033242486798441835,0.04373265188023669
146,rewiring,ba,250,5.0,0.3,0.4,0.4,100000,740.6666666666665,926.6222291503456,30,1.0104962936809443,0.008412533853134915,1.011313584129303,0.008787106503017601,1.011313584129303,0.008787106503017601,0.5004467423439874,0.02355598017649957,0.4993044800189567,0.032540044063942036,0.024403081735787476,0.014271146332605936
147,rewiring,ba,250,5.0,0.3,0.4,0.8,100000,1696.833333333333,648.3148969101014,30,1.0086426618073143,0.011472494179352569,1.0086426618073143,0.011472494179352569,1.0086472110185556,0.01148198126284176,0.4966689893535858,0.017229263604995382,0.4964733547186428,0.02414824657109583,0.031742451186338366,0.010590740437067774
148,rewiring,ba,250,5.0,0.3,0.4,1.2,100000,52357.26666666667,8704.58126863218,30,1.0701728344843422,0.043446556304322335,1.0949726654144514,0.050227550890381216,1.0950201817331815,0.05027492598735017,0.4972110874627743,0.0472690306354795,0.4962762595033735,0.19574294362286887,0.09757811900335712,0.08584733894421721
149,rewiring,ba,250,5.0,0.3,0.4,1.6,100000,7960.766666666666,6450.133599047043,30,8.378105740661365,0.3469417955432272,40.37222185373327,3.0283496065124926,93.61578116156142,6.836440397121077,0.5031388814501713,0.2728975575732192,0.5016747156063316,2.248796343834032,0.022753291054009087,0.9862587042605503
150,rewiring,ba,250,5.0,0.4,0.2,0.0,100000,242.9333333333333,70.2386091990881,30,2.0455995306195223,0.2691228735769279,2.0456763096802963,0.2691263478227958,2.0456851896470494,0.2691261675355388,0.5043103774903,0.23227392873098746,0.4723154817403413,0.7402014621711512,0.11443933898625931,0.3246315020808139
151,rewiring,ba,250,5.0,0.4,0.2,0.4,100000,8224.566666666668,1288.5746048336598,30,1.9930049293534315,0.2021873336267813,1.9930049293534315,0.2021873336267813,1.9930049293534315,0.2021873336267813,0.4954411585822483,0.2285752013614269,0.4410847319426969,0.7176465925901664,0.08431125143114754,0.3147395718894913
152,rewiring,ba,250,5.0,0.4,0.2,0.8,100000,21307.166666666668,12067.8679229413,30,2.2527021594145737,0.4031600271707816,2.2527443161467158,0.4031326521901928,2.2527443161467158,0.4031326521901928,0.5029182570781405,0.24097260239115376,0.5426924667938305,0.8423794990940425,0.15872972080571693,0.3694439096497649
153,rewiring,ba,250,5.0,0.4,0.2,1.2,100000,72878.46666666666,16420.759080573047,30,2.4259582241504973,0.43047894699487854,2.5542406764946493,0.4995868567238585,2.5665371312592957,0.50916962891356,0.5034528967464403,0.24175535272015186,0.4861153382092686,0.993284358782629,0.18541523556197348,0.43562652853882766
154,rewiring,ba,250,5.0,0.4,0.2,1.6,100000,8090.433333333332,7195.88272409222,30,8.513864296915637,0.3425278565447701,39.47524393109578,3.3209677815260816,89.89190789595692,8.174962653931992,0.4990630510595848,0.28008792471027205,0.502969540874041,2.2615985043698545,0.02474545045894842,0.9918733711006203
155,rewiring,ba,250,5.0,0.4,0.3,0.0,100000,132.3,64.63133914750645,30,1.2586724040091477,0.3935144412578379,1.260327770425303,0.3935828186732368,1.2603460163884888,0.3935739215617381,0.4973515728099374,0.09314975703746513,0.5120662078073559,0.24929970061443055,0.2531006661613991,0.10933582330596213
156,rewiring,ba,250,5.0,0.4,0.3,0.4,100000,2733.766666666667,3590.274972601526,30,1.2659644233675875,0.4276496423636929,1.2659644233675875,0.4276496423636929,1.265970129447292,0.42764655326209466,0.4997724216857979,0.06872349177334353,0.5321326761024905,0.2008299349769175,0.29585091667833896,0.08807834999827953
157,rewiring,ba,250,5.0,0.4,0.3,0.8,100000,8420.466666666667,9232.16814453078,30,1.3803220197325772,0.4317681899949151,1.3804157024952852,0.4317051124534034,1.3804157024952852,0.4317051124534034,0.4956980561344623,0.10911203388137344,0.5005238872340904,0.31175769698469874,0.2954834259888227,0.13672814041807013
158,rewiring,ba,250,5.0,0.4,0.3,1.2,100000,59375.46666666668,18008.652995589524,30,1.8733210020017128,0.32161733812534016,1.9623041107734016,0.3454121264379755,2.024057757299291,0.4154956496079004,0.4996770623296832,0.19209969692349446,0.5548161165768841,0.708130708831986,0.19472584139378835,0.31056617343526044
159,rewiring,ba,250,5.0,0.4,0.3,1.6,100000,7539.633333333332,5706.890586436326,30,8.335422336269067,0.2618125997246188,38.970932096524464,2.5316073444009333,91.5361271803845,6.573039695550532,0.5011439634166811,0.2767764488083676,0.503204402539787,2.25601288029888,0.02071789346881413,0.9894236737886204
160,rewiring,ba,250,5.0,0.4,0.4,0.0,100000,128.13333333333333,93.15103625594057,30,1.0389391068808749,0.014227930495952156,1.042367587672485,0.013778002180405893,1.042957857143478,0.014087783074497085,0.5001577105291041,0.050647633876936174,0.5007952965430682,0.11871602747487664,0.038805901253221725,0.052065504176652525
161,rewiring,ba,250,5.0,0.4,0.4,0.4,100000,889.0666666666667,962.6283441125598,30,1.013203513616936,0.009484068323043144,1.0137411130619949,0.009172378672191077,1.0137411130619949,0.009172378672191077,0.499116099452813,0.028331354405073464,0.4996168346383769,0.039621729866678536,0.024892418199945778,0.017376974160429326
162,rewiring,ba,250,5.0,0.4,0.4,0.8,100000,2033.6,1127.0974699051835,30,1.0168410463439452,0.01772148587880771,1.0176982972008897,0.017815295067602613,1.0177052314714108,0.017824323562488815,0.5001511433438558,0.028152108479837207,0.5006017132042093,0.04685361265163582,0.04403197270694219,0.020548674152032723
163,rewiring,ba,250,5.0,0.4,0.4,1.2,100000,52550.2,8736.886166897983,30,1.0513255698034152,0.046302058865889104,1.0764563584562397,0.0505127922004197,1.0765028819862072,0.05056845194333513,0.5014642371556889,0.03797526280819922,0.5010067960172453,0.1524514533610721,0.1105437130165444,0.06686091129007343
164,rewiring,ba,250,5.0,0.4,0.4,1.6,100000,8752.8,9696.776242305135,30,8.248234849827405,0.3568480226429793,38.85753312157188,3.0440984278631373,91.31665966954418,7.444639526778832,0.5005670221254086,0.27253518600618104,0.4970310043269958,2.238405770790734,0.030985189567269648,0.9817016917350248
165,rewiring,ba,250,5.0,0.5,0.2,0.0,100000,207.0,168.90194393986906,30,1.9529137559676504,0.2258995003228013,1.9535019853683324,0.2262425334371768,1.9535154233896208,0.22624827295963554,0.4998447161754661,0.227956008738488,0.5119624941004234,0.7062201324920244,0.08813721956038227,0.30972824849349856
166,rewiring,ba,250,5.0,0.5,0.2,0.4,100000,7148.866666666668,1169.1679586593004,30,2.0139960711886475,0.26653707253862324,2.0139960711886475,0.26653707253862324,2.0139960711886475,0.26653707253862324,0.4977641418216069,0.22724653020915545,0.4696141014452879,0.7168521305392003,0.10604299569387453,0.3143911432222541
167,rewiring,ba,250,5.0,0.5,0.2,0.8,100000,25093.4,11974.80547260233,30,2.238044585882716,0.3940698585968239,2.2381251459805123,0.3940310740589735,2.238156977081938,0.3939898185562789,0.494427251232745,0.24292330064493775,0.4586205015996681,0.8401541175580148,0.15473027402018155,0.3684679200203678
168,rewiring,ba,250,5.0,0.5,0.2,1.2,100000,71425.06666666668,12985.614643220479,30,2.5124433165545894,0.43328014278828586,2.6460990770152497,0.5019783567438567,2.6571168481604905,0.5071432433103097,0.5018127674057171,0.2418790809232429,0.4926842129745448,1.022776145435152,0.17840395097080064,0.44856079507212143
169,rewiring,ba,250,5.0,0.5,0.2,1.6,100000,8745.133333333333,10219.5598396191,30,8.492515851339705,0.3426897236879675,39.05801853121981,2.6233509759424907,89.9678840733111,8.218347544269534,0.4974358726476189,0.2813913899391451,0.4970549794950993,2.2639392715229048,0.017524234992290284,0.9928999656100223
170,rewiring,ba,250,5.0,0.5,0.3,0.0,100000,80.13333333333334,39.290145781805855,30,1.1473226888384462,0.31477511120157825,1.1478730116630198,0.3145324282539924,1.1478730116630198,0.3145324282539924,0.5025680144364426,0.04928489164036917,0.4979381820822215,0.1295658826010816,0.23629745455098755,0.05682394488095462
171,rewiring,ba,250,5.0,0.5,0.3,0.4,100000,3099.933333333333,3145.1098860859465,30,1.2912554109877534,0.4237470267054699,1.2915276934979203,0.4235626374635083,1.2915276934979203,0.4235626374635083,0.4988548319039327,0.08151912862096015,0.5055908018978866,0.23164779573515323,0.2929277908140581,0.10159419526494314
172,rewiring,ba,250,5.0,0.5,0.3,0.8,100000,11511.366666666667,11689.522729017737,30,1.4054452597178968,0.4280002999263792,1.405580538317026,0.4279450171138462,1.4056499443724837,0.4279076840112113,0.4973487857875419,0.11493990132735922,0.4740668703460537,0.3377237528523593,0.3014878355053465,0.14811612078588507
173,rewiring,ba,250,5.0,0.5,0.3,1.2,100000,62800.2,16304.371390110897,30,1.6172819886834089,0.4104241732603999,1.6806068607619733,0.4588023290345508,1.6915018071465389,0.4898742259056804,0.4980042461320424,0.1558129844373777,0.445403419453943,0.5807320060038842,0.24323607232882025,0.25469269253058324
174,rewiring,ba,250,5.0,0.5,0.3,1.6,100000,8283.066666666668,8696.559951817475,30,8.432573600394656,0.3432902167154463,39.88010021359441,2.4551441643169416,92.19819300173937,7.434256243369467,0.5020221585770711,0.2804943447273252,0.501574799744415,2.254206195937894,0.021787262009118933,0.988631312941112
175,rewiring,ba,250,5.0,0.5,0.4,0.0,100000,76.13333333333334,29.39357450570145,30,1.0255480287570269,0.011655750967087479,1.0306129408328988,0.014370129139465069,1.0306152159647128,0.014370459290506137,0.5017911629375736,0.042321783252992996,0.5019574179111577,0.08204059224610113,0.032958320714978444,0.03598069181643044
176,rewiring,ba,250,5.0,0.5,0.4,0.4,100000,451.33333333333326,583.9959665005308,30,1.007543905461912,0.009113259554240844,1.0083536260569668,0.00925206556451157,1.0083536260569668,0.00925206556451157,0.5016872783974847,0.017041555705012545,0.5019208481121528,0.023464527566138246,0.027840256417541384,0.010290880549018461
177,rewiring,ba,250,5.0,0.5,0.4,0.8,100000,1466.833333333333,622.2344725976608,30,1.0119437159624982,0.016081188559907394,1.0122350171937209,0.016003829977185774,1.0122350171937209,0.016003829977185774,0.4899836146108185,0.02246600881073087,0.4892829752155058,0.03335254255690227,0.04145354913579552,0.014627485275026306
178,rewiring,ba,250,5.0,0.5,0.4,1.2,100000,49440.33333333334,8712.2488690094,30,1.066809218643194,0.033783818608124225,1.0930054698842733,0.04350929191600477,1.0930407308543018,0.043579764189527526,0.4984992609175349,0.04751036780646201,0.4985772963726325,0.19559771235603646,0.0832528797164059,0.08578364460327034
179,rewiring,ba,250,5.0,0.5,0.4,1.6,100000,7086.4333333333325,6092.793500977655,30,8.305626346559945,0.27880628153666925,39.967441005703826,2.6074438516604577,92.48182385910931,7.207778385321935,0.49968027891566,0.2742515032768734,0.4977353434574959,2.2497537058613606,0.021764710115214712,0.9866785762668216
