,model,graph,n,p,pr,eps,gam,max_it,avg_nit,std_nit,avg_ncluster_01,std_ncluster_01,avg_ncluster_001,std_ncluster_001,avg_ncluster_00001,std_ncluster_00001,avg_mean_opinion,avg_std_opinions,avg_median_opinion,10B_avg_entr,10B_std_entr,10B_avg_norm_entr
0,rewiring,er,250,0.1,0.0,0.2,0.0,100000,146.5,85.59702097619987,2.1705958619092285,0.4767779590064508,2.170635569897656,0.4767665623898665,2.202777962092062,0.5127694443826016,0.4930259702600173,0.23518942851801156,0.44383409472622376,0.7890398249368161,0.19259879532773114,0.3436861811712157
1,rewiring,er,250,0.1,0.0,0.2,0.4,100000,91.1,32.80990704040473,2.4136871299962106,0.52584504202351,2.413695581990769,0.5258323681862397,2.5421776830988567,0.6197385487884227,0.5036916492923736,0.2409372670546847,0.454999867007939,0.886832556877579,0.2011697926065004,0.38628227014519434
2,rewiring,er,250,0.1,0.0,0.2,0.8,100000,591.7,172.07849952855818,2.2286914710308663,0.3867925549201714,2.229085198579058,0.3866577622239572,2.3647240569708954,0.3829777755121667,0.506752264111878,0.2379294473783017,0.4968064055220928,0.830324589305962,0.15617487051853488,0.3616688007528337
3,rewiring,er,250,0.1,0.0,0.2,1.2,100000,21772.0,6743.142842918278,2.579698918915394,0.4452496799732502,2.645224834567611,0.4712041121736593,2.7426672383301907,0.5554802672805311,0.500606393820149,0.2498305493945545,0.5462553873883194,1.0081765011860138,0.1792965408522521,0.4391366832047103
4,rewiring,er,250,0.1,0.0,0.2,1.6,100000,82898.9,28598.886308561036,7.854710407043058,0.4020840894482087,32.45623982357162,5.061050088056684,64.24501205594402,10.07915423904416,0.4928804496645418,0.2778765670515997,0.486494233089019,2.2201751338739433,0.03801766559646426,0.9670532325203361
5,rewiring,er,250,0.1,0.0,0.3,0.0,100000,219.6,433.3793257643932,1.196316120852536,0.3271008985148419,1.1964716441095191,0.3270564667004873,1.2583796152076123,0.4097505056314678,0.5087319454747387,0.07370352919933917,0.542281092391842,0.19841066478508376,0.23817102388601658,0.08642276540235237
6,rewiring,er,250,0.1,0.0,0.3,0.4,100000,62.6,7.241546796092669,1.3908639933911775,0.4777735296102354,1.3908639933911775,0.4777735296102354,1.5664927940040911,0.536407570599322,0.5072025679371375,0.09555257320700428,0.5023820877192768,0.2772404205700778,0.33438048830048084,0.12075905220583996
7,rewiring,er,250,0.1,0.0,0.3,0.8,100000,710.8,562.7606596058398,1.3955735003532517,0.4501832303057631,1.395661101724316,0.4501195432655193,1.4221595902336148,0.4326360310891621,0.4982703401356643,0.1084393646284432,0.5379126655351424,0.31632431536892136,0.30184549540199634,0.137783027579691
8,rewiring,er,250,0.1,0.0,0.3,1.2,100000,24774.6,6920.313883054727,1.6725528540909418,0.43408780557197024,1.6915189794953889,0.4443197392192373,1.7250457634070049,0.4698664903340754,0.4955531857384165,0.1613105513138961,0.5213184893116575,0.5044331420077746,0.30209356448774843,0.2197185677500274
9,rewiring,er,250,0.1,0.0,0.3,1.6,100000,90490.3,28526.099999999995,8.066213168909018,0.40710091839706825,34.160977238930286,3.335889593993586,66.10479437805033,11.95365475070504,0.4969398287338122,0.27369416735119834,0.4912691438238512,2.2228482704214523,0.03684734230650336,0.9682175845121208
10,rewiring,er,250,0.1,0.0,0.4,0.0,100000,28.8,2.08806130178211,1.0105314692744658,0.01206478763693086,1.010551723921317,0.012092641834213446,1.136451919847151,0.21367159411079864,0.4947965569010295,0.022440522496665668,0.4964020197164988,0.03034385464604573,0.03437668512928585,0.013217030618383568
11,rewiring,er,250,0.1,0.0,0.4,0.4,100000,47.0,1.5491933384829668,1.001606399793555,0.0032127995871101154,1.001606399793555,0.0032127995871101154,1.2185541170716965,0.3386082948159565,0.5058250492174475,0.005631318121974861,0.5057970503602478,0.0052155665966795075,0.010431133193359015,0.0022717714741464076
12,rewiring,er,250,0.1,0.0,0.4,0.8,100000,350.6,88.34387358498606,1.00887998484485,0.009175014422834232,1.008886699945745,0.00918630649957574,1.0549463446022238,0.059108809432744415,0.5086910702171549,0.021890035119748453,0.5088831433601723,0.02513795906982058,0.02567145849237423,0.010949471600925582
13,rewiring,er,250,0.1,0.0,0.4,1.2,100000,20272.9,7481.265019366711,1.0262886135239648,0.023285712387413268,1.0263517315008135,0.023341788298262715,1.1058996731204027,0.18202917091991289,0.5056003933914933,0.033025881492538496,0.5102007702906224,0.06770035247586617,0.05936676478946247,0.029488594708434276
14,rewiring,er,250,0.1,0.0,0.4,1.6,100000,89123.3,22001.47823238248,8.002677520060564,0.36581414072670015,33.418727375689635,3.288645258787273,68.05910377819087,9.2941632116869,0.5028616423586083,0.26608012226197736,0.5015043885470979,2.2216646536583355,0.03471629574225421,0.9677020304013781
15,rewiring,er,250,0.1,0.1,0.2,0.0,100000,2532.2,443.40676584824456,1.9516371072769645,0.08759166346442024,1.9516371072769645,0.08759166346442024,1.9516371072769645,0.08759166346442024,0.5093036637974779,0.2331122216987011,0.616313818856417,0.7158119933583424,0.03666551376769516,0.31178995363584394
16,rewiring,er,250,0.1,0.1,0.2,0.4,100000,47431.3,6771.244435847815,2.0168169586817037,0.13795082853345214,2.0168169586817037,0.13795082853345214,2.0168169586817037,0.13795082853345214,0.4973727762765932,0.23175038607390075,0.5069829952770641,0.7499848406948623,0.09591330774487195,0.32667479851902326
17,rewiring,er,250,0.1,0.1,0.2,0.8,100000,6513.3,3895.189187959938,2.0855787555566,0.2659541743775485,2.0868832955375844,0.2663008251409741,2.1977838674838166,0.45478404860185995,0.4979903431205742,0.22877437826361666,0.5595315889571413,0.8025508367299468,0.11848167213421978,0.3495712428628891
18,rewiring,er,250,0.1,0.1,0.2,1.2,100000,19402.4,3153.747079269357,2.7370320009854487,0.3707728346796876,2.7893072391093146,0.34917160750221005,2.7992377119371543,0.32946397634322616,0.5043239104057928,0.2601210748111403,0.5587817735096205,1.0326601202059362,0.1705315830136301,0.449801140506193
19,rewiring,er,250,0.1,0.1,0.2,1.6,100000,99999.0,0.0,8.070253299333945,0.4611983676780021,32.94954568036443,3.0063811976397745,62.624207435541116,4.847453211577428,0.49200821092282,0.2713542018146288,0.4892138239178436,2.258748687659103,0.018561621419220898,0.9838549160040383
20,rewiring,er,250,0.1,0.1,0.3,0.0,100000,1685.0,906.352470068902,1.4082417495167654,0.4669086063517807,1.4082417495167654,0.4669086063517807,1.5623493982419778,0.4326360641564967,0.5030089833497697,0.11066077518112892,0.4982522603719305,0.31904868496491184,0.3047268378818343,0.1389696954169195
21,rewiring,er,250,0.1,0.1,0.3,0.4,100000,11823.4,18379.77367216473,1.2095942411720846,0.39499653937867096,1.2095942411720846,0.39499653937867096,1.528753461590294,0.4347683105539479,0.4894963160884425,0.06421151212860379,0.5307224574115403,0.16988759601956088,0.26234413080261887,0.07399882396176471
22,rewiring,er,250,0.1,0.1,0.3,0.8,100000,3562.4,3251.06939944382,1.3989994828273815,0.4555927282958163,1.3990789083036854,0.4555340470172447,1.7210834483667536,0.3377611629303485,0.4921007074672663,0.10807871563839,0.4986612717056599,0.3166543932253865,0.31021383727029156,0.13792680130871254
23,rewiring,er,250,0.1,0.1,0.3,1.2,100000,42762.6,18843.351831348904,1.7434353856111169,0.37551006244912666,1.8011389733262109,0.40076403682345896,1.9802509163590165,0.21545428946029052,0.5234293628777344,0.18049307497022968,0.5830897784428338,0.569806384669137,0.2746185332986307,0.24819353113082002
24,rewiring,er,250,0.1,0.1,0.3,1.6,100000,57778.6,37491.86348316125,8.564315133141006,0.493176403359208,38.47321761216296,5.066418954403309,77.99888209432154,10.413137281957695,0.4973434830710356,0.2847804498860088,0.4940429494022871,2.262998739390004,0.019667075157810875,0.9857061331454422
25,rewiring,er,250,0.1,0.1,0.4,0.0,100000,620.4,487.6255120479239,1.0161740279680316,0.0051618316048197155,1.0194520729070935,0.004030694118397733,1.1615363475823746,0.2784274506657753,0.5028782452887027,0.03285236336308713,0.5027959641281005,0.056236468283939134,0.018406186448741303,0.02449521103527434
26,rewiring,er,250,0.1,0.1,0.4,0.4,100000,787.4,443.3899412481072,1.0227497256796336,0.0061852598554946936,1.0227563339974128,0.0061781952870023065,1.0310631949880005,0.009746759767427823,0.4932083808522349,0.041577609486592636,0.4918565938782552,0.07075480349932398,0.01907827698557075,0.030819037830124345
27,rewiring,er,250,0.1,0.1,0.4,0.8,100000,2300.2,1276.4014102154542,1.0343536077782152,0.006219991261634282,1.0360744373214656,0.0041126687244488645,1.1517031326061178,0.23379848429552905,0.4970382485568245,0.04917134889656676,0.4988375227485152,0.10276311057614833,0.003623547678923665,0.04476106265234453
28,rewiring,er,250,0.1,0.1,0.4,1.2,100000,29391.6,4395.354301987498,1.074022164275474,0.01936242718485112,1.0977222859247606,0.024472512352224127,1.1717007956163508,0.10811923671669854,0.5057457605351633,0.06661736801249314,0.509312288231808,0.22414973736380622,0.057910566344597424,0.09763406714137202
29,rewiring,er,250,0.1,0.1,0.4,1.6,100000,72047.8,30205.69695537582,8.539391228591036,0.3599101538156783,37.28908119894081,3.0743227272070377,71.38610620229223,6.9671400925139055,0.4884230476385195,0.2784991487803254,0.4945968687097084,2.255962469312693,0.011728076102441242,0.9826413083848492
30,rewiring,er,250,0.1,0.2,0.2,0.0,100000,1492.0,281.4555026998051,2.017844586922969,0.032912132239183656,2.017844586922969,0.032912132239183656,2.017844586922969,0.032912132239183656,0.5052636275881534,0.23647363484791695,0.4685627771055086,0.747376431307799,0.036085030558125716,0.3255386400732278
31,rewiring,er,250,0.1,0.2,0.2,0.4,100000,31479.0,3415.509215329392,1.9249238353571283,0.07684220290133979,1.9249238353571283,0.07684220290133979,1.9249238353571283,0.07684220290133979,0.4905072257812767,0.2298253614021681,0.3898810477555529,0.685103441009325,0.0229043942726758,0.29841406974180185
32,rewiring,er,250,0.1,0.2,0.2,0.8,100000,12889.6,6886.194321974946,2.1903045119210898,0.3021382078773504,2.1906205765904643,0.30206447404530257,2.1906489852867512,0.3020565950482557,0.5056124228054707,0.24172481305151494,0.41941714607198105,0.8320023272346582,0.13175149625333182,0.36239958179011006
33,rewiring,er,250,0.1,0.2,0.2,1.2,100000,58469.4,11256.663033066236,2.7579176720796355,0.31681022982423634,2.863220470636018,0.34335081020116864,2.933459970598981,0.3911914141944279,0.4948415711146548,0.2531594953924242,0.44278831631466187,1.1160516644928695,0.13162137228335263,0.4861244292581156
34,rewiring,er,250,0.1,0.2,0.2,1.6,100000,64222.8,41583.38884891418,8.713105373561941,0.3606565402352644,41.8817067467078,5.101626600313653,91.83105673577772,27.487524396213146,0.5005008446370748,0.2806770536490249,0.5063158134793267,2.249511514240433,0.027661724564838053,0.9798314323258434
35,rewiring,er,250,0.1,0.2,0.3,0.0,100000,705.2,356.2040987973046,1.2133416553636471,0.3903508913630418,1.2133550855654374,0.3903443877521989,1.4127161079296546,0.4756875382351334,0.4889573255055784,0.07321738712223155,0.5306793561340923,0.17967840044232825,0.2575203604960209,0.07826345557642957
36,rewiring,er,250,0.1,0.2,0.3,0.4,100000,8277.0,15818.905562648762,1.2097096179917692,0.39522860260502457,1.2113618577362548,0.3944324911755399,1.3649692174047192,0.4216256413806455,0.4860159562898171,0.059994785077040994,0.4856773522131573,0.1751190992181905,0.26077785053276487,0.07627753702452551
37,rewiring,er,250,0.1,0.2,0.3,0.8,100000,5274.6,4670.630218717812,1.3379111411428963,0.3562618751184458,1.3380624626329234,0.3561555637875924,1.3875977668405146,0.3249347448717053,0.498381472793829,0.1141524700340562,0.5065085776591085,0.33997371977620566,0.2667426739358705,0.148084121682722
38,rewiring,er,250,0.1,0.2,0.3,1.2,100000,61096.2,9764.052302195028,2.051733825393239,0.06703293167605016,2.097405026049006,0.07271072284302095,2.097490985126586,0.07273444098855003,0.5059565399960796,0.22988550606685396,0.4707334999266426,0.7814456919042281,0.07229275633939367,0.3403783651411625
39,rewiring,er,250,0.1,0.2,0.3,1.6,100000,70961.2,25824.117854439868,8.878338311797107,0.3204903679726285,41.903233599954135,1.57980445700519,95.232509507765,13.608671080503134,0.5005802617848121,0.28650967960293017,0.5023717136592316,2.26765442845008,0.022416145685558046,0.9877340358484601
40,rewiring,er,250,0.1,0.2,0.4,0.0,100000,512.8,85.67706811043432,1.01624626845183,0.01277144012817195,1.0162601406890557,0.012798337244766962,1.0211701706453145,0.012343265870601857,0.4982204337929642,0.034966665940325936,0.4978994079668127,0.04879308796235039,0.036058622254399646,0.021253059147774034
41,rewiring,er,250,0.1,0.2,0.4,0.4,100000,2015.0,1852.8861810699545,1.0227782331003588,0.01506836121223547,1.0228480351529208,0.015168430962650819,1.0277451695252915,0.011300943247336631,0.4974201301569666,0.0418378156930561,0.4964656928812003,0.0647683287608142,0.038040913329764475,0.028211477886339337
42,rewiring,er,250,0.1,0.2,0.4,0.8,100000,4905.4,2152.253293643664,1.0565143019050165,0.014757383605020406,1.0601222547559668,0.012728835094552485,1.2250114469631321,0.2140221617987123,0.4964130661794736,0.06603878362677103,0.4965972413060245,0.1568213208356899,0.035793809520319436,0.068307478508528
43,rewiring,er,250,0.1,0.2,0.4,1.2,100000,65837.6,3763.1042823711377,1.0686791735460264,0.01166210775697287,1.07946477290293,0.009134097977524524,1.1298672373941079,0.08661402583356627,0.5032541642992754,0.05716542461880371,0.5064896661956141,0.19171503578320487,0.023983250562213555,0.08350631544701677
44,rewiring,er,250,0.1,0.2,0.4,1.6,100000,48273.0,37191.107275799135,9.075063564373902,0.22137721732992746,44.760415417416,5.343620229604351,108.91955245500166,23.579390685707608,0.4939398643185466,0.2777588906918397,0.4911246776249774,2.2750739638950552,0.005593847239322138,0.9909658014990116
45,rewiring,er,250,0.1,0.3,0.2,0.0,100000,877.0,372.1655545587205,2.114998846865676,0.26624563411880525,2.114998846865676,0.26624563411880525,2.114998846865676,0.26624563411880525,0.5016793248554603,0.22917520536654276,0.4735001201808867,0.7849965677835782,0.12026665844874596,0.3419250386197598
46,rewiring,er,250,0.1,0.3,0.2,0.4,100000,26007.2,2967.311470001085,1.8963686057793283,0.15364110485940227,1.8963686057793283,0.15364110485940227,1.8963686057793283,0.15364110485940227,0.4971623565504466,0.228624610178268,0.3928463511596273,0.6683501342685658,0.05475949855590845,0.29111674477321414
47,rewiring,er,250,0.1,0.3,0.2,0.8,100000,37169.4,15683.003278709088,2.7023573667257623,0.3246738552107309,2.7026343315085017,0.3241426381671487,2.7026343315085017,0.3241426381671487,0.5041239088310049,0.2520800303736276,0.5609298323907922,1.0198996395471096,0.10544921306909558,0.44424299156498787
48,rewiring,er,250,0.1,0.3,0.2,1.2,100000,85618.4,11818.828852301736,2.4949478370571194,0.41494822886422816,2.6060796930340246,0.4619466053649176,2.6802218399464004,0.5600539720891916,0.4909686499564806,0.2494642988765162,0.4722164798945068,1.0093251648675259,0.13539227575825127,0.43963701261987076
49,rewiring,er,250,0.1,0.3,0.2,1.6,100000,52114.0,21596.27248392648,9.213852127333048,0.35324791086867097,47.652650023008825,3.365472785680024,109.1828914851967,13.373898207711258,0.4981042136499619,0.29140585203779584,0.4914301380769276,2.2770773114078193,0.010448185294958438,0.9918384099966573
50,rewiring,er,250,0.1,0.3,0.3,0.0,100000,812.8,357.1752511023125,1.1851508418516576,0.28834992185896663,1.1851721064347465,0.28834013728926544,1.1851721064347465,0.28834013728926544,0.4903487585410714,0.08574349823345477,0.463318101996195,0.21173184971555353,0.20767676645925062,0.092225143219968
51,rewiring,er,250,0.1,0.3,0.3,0.4,100000,13452.4,9956.04203687389,1.4185931542902959,0.4624632724579275,1.4221461080057392,0.4598058998241461,1.4221461080057392,0.4598058998241461,0.5000754463909269,0.11746614585097462,0.4993962530861895,0.3475439815832816,0.28494391000209857,0.1513815399988996
52,rewiring,er,250,0.1,0.3,0.3,0.8,100000,25543.0,29924.124869409297,1.384840041580447,0.4406307727519933,1.3848539147419798,0.4406199490893437,1.592965233078924,0.4736177889499417,0.5003732350403476,0.1190127528491894,0.5146443963364027,0.31363367655725155,0.29540061920100663,0.1366110520356582
53,rewiring,er,250,0.1,0.3,0.3,1.2,100000,83026.4,14774.147739886723,1.997355819407877,0.08215041726136665,2.0662655165796218,0.12232790225362775,2.340687700123377,0.6349743301722381,0.5063058598109411,0.21336864576008602,0.5855424733022419,0.7600465772096087,0.06357396509782219,0.3310574414343933
54,rewiring,er,250,0.1,0.3,0.3,1.6,100000,59524.6,35459.94228196092,9.125825390486641,0.17482664975644738,48.00924810722397,6.239474525030865,116.20228617966715,24.49872269450511,0.4952305379813092,0.27845128475376124,0.4964050358410098,2.2731659909900883,0.008732973930312773,0.9901347358154274
55,rewiring,er,250,0.1,0.3,0.4,0.0,100000,351.6,141.45472774000876,1.0178187959065368,0.009541191375611857,1.0178187959065368,0.009541191375611857,1.0194446011011131,0.008353708900021071,0.5113339736550658,0.04444490501736972,0.5109611776294796,0.050956664607894234,0.024739400402674874,0.022195459482304343
56,rewiring,er,250,0.1,0.3,0.4,0.4,100000,1513.4,1106.5769923507357,1.0244202558803548,0.011643929343761841,1.0277722946056091,0.0111872046146507,1.0376980493025223,0.0040817725557268005,0.4942417936790971,0.044044271893891325,0.4949860440271398,0.08040221682176071,0.028868560216909877,0.03502121183729072
57,rewiring,er,250,0.1,0.3,0.4,0.8,100000,4943.2,801.7307278631648,1.0429554607687317,0.020332962218370408,1.0482347000722414,0.02261126393466216,1.0550508120586133,0.019334681851545302,0.5129212151199253,0.056427664576307636,0.5173718127720972,0.11923417500205283,0.04229304274060779,0.05193544986761277
58,rewiring,er,250,0.1,0.3,0.4,1.2,100000,85280.4,10070.30463491547,1.1056148149031733,0.04346239570438507,1.1411721612483237,0.05968468523862783,1.1413156064600207,0.05979413571674664,0.5053061495888439,0.06911778784579861,0.5070662727007264,0.29324364335250624,0.09911162025652152,0.1277296592027244
59,rewiring,er,250,0.1,0.3,0.4,1.6,100000,41525.6,32505.976869492784,9.124205814351779,0.34742453896216857,49.99500860788153,3.829534245294081,128.00581249252122,21.53600819782805,0.5056054723081304,0.2816760649849691,0.4976845218010101,2.253390781815631,0.02909342077791445,0.9815211450837106
60,rewiring,er,250,0.1,0.4,0.2,0.0,100000,765.0,168.1701519295264,1.9684055733221413,0.06144634602285175,1.9684055733221413,0.06144634602285175,1.9684055733221413,0.06144634602285175,0.5051063110451164,0.2303315419381656,0.6329699631752996,0.7233917178114785,0.03633738994745851,0.3150914936459911
61,rewiring,er,250,0.1,0.4,0.2,0.4,100000,20027.2,2232.504638293054,1.9873431892846227,0.0468474691415044,1.9873431892846227,0.0468474691415044,1.9873431892846227,0.0468474691415044,0.4927508877821181,0.23257371941849966,0.4662363959179883,0.7105980110759823,0.030445589805651405,0.30951887224972735
62,rewiring,er,250,0.1,0.4,0.2,0.8,100000,30842.6,9470.632219656722,1.9548100964391868,0.089741281452312,1.9549666381618924,0.08985817928380943,1.9549666381618924,0.08985817928380943,0.4987082616324511,0.23602314952798306,0.4917201394000198,0.7149186903609301,0.046125260290303956,0.3114008530022555
63,rewiring,er,250,0.1,0.4,0.2,1.2,100000,85736.4,10045.433681031396,2.471022421740045,0.3505403189723102,2.5418415146119764,0.3777223143400504,2.5958526559086605,0.3848075048027715,0.5087099735488777,0.2505332542050459,0.6253377889701077,0.9956235251088813,0.13299827952566654,0.4336689181136026
64,rewiring,er,250,0.1,0.4,0.2,1.6,100000,33718.6,35512.0880636439,9.358649426371418,0.3121165423667971,53.16705771315746,6.735408769372678,147.08143870470218,25.83242504882552,0.4989552983954548,0.2871768924199332,0.4978824251678271,2.279625725686294,0.008097918106776606,0.9929484360609073
65,rewiring,er,250,0.1,0.4,0.3,0.0,100000,269.6,151.1113496730143,1.2126325488164975,0.3847458883929565,1.2126325488164975,0.3847458883929565,1.2126464210537231,0.3847397012974234,0.4987835863511194,0.07293614730255908,0.4593593382454941,0.18496543057329867,0.25380471141464833,0.08056635479396385
66,rewiring,er,250,0.1,0.4,0.3,0.4,100000,6126.8,8105.939708633417,1.1987102979450084,0.373247992578,1.1987169062627878,0.3732447601966768,1.396654000366952,0.4662200445646089,0.5092917621289159,0.06335255699695441,0.4734569330988485,0.16596833285940787,0.2572462920427826,0.07229169011889959
67,rewiring,er,250,0.1,0.4,0.3,0.8,100000,22316.2,33406.383937205785,1.2279886828345197,0.3823210400624139,1.228097489846277,0.3822851618702652,1.2282053369545252,0.3822483416336799,0.4912240722335933,0.07646495007594034,0.53060550616136,0.21483391732748197,0.2478842517486299,0.09357632694680204
68,rewiring,er,250,0.1,0.4,0.3,1.2,100000,85796.4,10431.94109645947,1.8281561674838904,0.2884982312553714,1.8883716882790824,0.26190585136474803,2.6261052189255296,1.1712894452868192,0.4957063463150901,0.19425123838762254,0.4903510012983167,0.6768181950566546,0.10580927886526495,0.2948052220619454
69,rewiring,er,250,0.1,0.4,0.3,1.6,100000,33697.2,35041.689738938105,9.196124729493828,0.4156692540398503,51.59470777904588,4.697407297061376,144.16534922600218,29.830616149769305,0.5047034731612807,0.2857218567369429,0.4938657261186809,2.2712060346871876,0.007167657771759293,0.9892810274527851
70,rewiring,er,250,0.1,0.4,0.4,0.0,100000,288.0,79.01392282376568,1.017818795906537,0.009541191375611857,1.019464639620683,0.008358913199930271,1.019464639620683,0.008358913199930271,0.4956205346528721,0.041012766662501324,0.4950506585512693,0.05206570009679014,0.02464309258896944,0.0226785278394592
71,rewiring,er,250,0.1,0.4,0.4,0.4,100000,3942.0,4103.216153214452,1.0211366870629337,0.011196239211591644,1.0211432953807134,0.011193290354094495,1.0277314334866308,0.011231513823349646,0.4989945083356073,0.042368638759370296,0.4978052219525021,0.06289928935316154,0.02844014648746807,0.027397370668714303
72,rewiring,er,250,0.1,0.4,0.4,0.8,100000,8988.2,2421.513361515893,1.0478737521428456,0.009963221005659512,1.0514554287218805,0.011374501895779238,1.06177762699523,0.010395896483783616,0.5035462557816288,0.060404372398162716,0.5025791949579874,0.1360261447610897,0.03932587283184704,0.0592496154881986
73,rewiring,er,250,0.1,0.4,0.4,1.2,100000,87688.8,11386.458420422041,1.0830471617975224,0.02453311648025822,1.1031163359821552,0.013052318528788236,1.2567259816466505,0.2980507861154062,0.5035138017552908,0.06026396427992646,0.5051192379448108,0.2594793226295465,0.036532925368004975,0.11302275838178873
74,rewiring,er,250,0.1,0.4,0.4,1.6,100000,61689.6,29213.16036720437,9.269340735392941,0.3516464364437672,48.52020594071685,3.599810771086001,119.27322124609468,16.13254269310318,0.4945284312943311,0.28315109196899874,0.4966737812847442,2.2748363926628192,0.017240008091788463,0.9908623213615295
75,rewiring,er,250,0.1,0.5,0.2,0.0,100000,493.4,98.11136529475063,1.9887282328563518,0.036309507933049635,1.9887282328563518,0.036309507933049635,1.9887282328563518,0.036309507933049635,0.4937327780090623,0.2291668584127661,0.4437524267832941,0.7029605899219572,0.025938902688997175,0.3061922009874329
76,rewiring,er,250,0.1,0.5,0.2,0.4,100000,20700.8,3235.8646077980457,2.178803680674454,0.3559939454220104,2.178803680674454,0.3559939454220104,2.178803680674454,0.3559939454220104,0.5107388333052436,0.23085832663297884,0.5221967256628032,0.8171270972325626,0.1599882337285252,0.3559203004764285
77,rewiring,er,250,0.1,0.5,0.2,0.8,100000,64937.2,27444.980760787574,2.373218878864348,0.5021833196338801,2.373218878864348,0.5021833196338801,2.373218878864348,0.5021833196338801,0.5160533999854013,0.23383770308054685,0.5479171169999589,0.908722924925776,0.1605124876432848,0.3958171716307052
78,rewiring,er,250,0.1,0.5,0.2,1.2,100000,99417.2,1163.6,2.5820487825419827,0.356832611813106,2.614587601216345,0.3611327046819686,3.7698902906477287,0.9599399758960752,0.5060395013244608,0.2468297348110061,0.4891404261939295,1.046630920862043,0.13540201831357535,0.4558864748247569
79,rewiring,er,250,0.1,0.5,0.2,1.6,100000,38033.2,32900.69262128078,9.364374536349935,0.3268229361571098,49.80771843251089,5.7123016237343975,140.70167121008905,34.32052492132657,0.5057298243320829,0.2796567250071786,0.5146027397086477,2.2843742062366372,0.003314399277230601,0.9950167564360468
80,rewiring,er,250,0.1,0.5,0.3,0.0,100000,190.6,208.07844674545223,1.172589109465104,0.3371720910667608,1.172589109465104,0.3371720910667608,1.4919487863104808,0.40064199373621817,0.4966667112084693,0.05219564754242794,0.5310720976132699,0.13953527668194302,0.2564091615970985,0.06077810633363934
81,rewiring,er,250,0.1,0.5,0.3,0.4,100000,5804.8,5187.839874167282,1.218768907000408,0.3847330593817809,1.218768907000408,0.3847330593817809,1.3799153302062326,0.4258926532424116,0.5008298389308152,0.0761006812083121,0.458228789425762,0.1926086837298918,0.2531025179835637,0.0838955663319552
82,rewiring,er,250,0.1,0.5,0.3,0.8,100000,39044.6,29738.813013299638,1.5367458866621442,0.4457557953915767,1.5367458866621442,0.4457557953915767,1.5664945323595565,0.4138391012336527,0.5017926781469683,0.1444529408705037,0.5280298384658205,0.4129081917163617,0.30916738631057333,0.17985256903436064
83,rewiring,er,250,0.1,0.5,0.3,1.2,100000,96428.0,4433.888135711139,2.001631154253834,0.09729193775772214,2.084543286087725,0.15689129665695126,2.156588989807795,0.20662797225375573,0.5033385416517359,0.20441572561965,0.4661404116977195,0.7880396861798781,0.06335855072518505,0.3432505455300858
84,rewiring,er,250,0.1,0.5,0.3,1.6,100000,44278.6,27694.190528701143,9.376117356129775,0.3236689274244354,50.85375700378428,4.516991425665696,135.10722999721747,23.20609693206148,0.5027029059940868,0.2885791568345081,0.5033473086231858,2.27251682572404,0.02116419501595273,0.9898519755235055
85,rewiring,er,250,0.1,0.5,0.4,0.0,100000,191.0,136.79912280420515,1.0145610198566972,0.007943828387421862,1.0162330810428446,0.010335437102979218,1.022762938803516,0.008099158303595413,0.5072507864377054,0.02945397360922368,0.5082459895148925,0.04470273827691954,0.024054194305127508,0.01947140425709322
86,rewiring,er,250,0.1,0.5,0.4,0.4,100000,2006.2,2471.208481694736,1.0228082778447083,0.014270161130017563,1.0244541215588543,0.012886069250357709,1.0345252167993844,0.020117591464654274,0.5015668372904064,0.03996286339127629,0.5017133876216908,0.06998390831264462,0.029678530489839625,0.03048325500342822
87,rewiring,er,250,0.1,0.5,0.4,0.8,100000,5127.2,1112.2980535809636,1.0261090299660671,0.016801798311932924,1.0278113481493487,0.01537400645263555,1.0278534195659643,0.015425652086654675,0.4952304282763825,0.049645421468083664,0.4952108613845887,0.0693741629606503,0.03890861910150595,0.03021766504853512
88,rewiring,er,250,0.1,0.5,0.4,1.2,100000,90802.6,7221.048638528895,1.0568454579907098,0.02676584604323844,1.0799142219178717,0.027653910554203995,1.087461517335122,0.034647354677502316,0.4932078285518479,0.042551826057954434,0.494879132781432,0.18125020012539578,0.07100527754949078,0.07894809254096156
89,rewiring,er,250,0.1,0.5,0.4,1.6,100000,27904.2,14728.711055621941,9.389448806195665,0.2403463279038477,52.77866371291979,3.6948853518666898,144.96267824751553,10.985283292885034,0.5018800737068957,0.29130677970521424,0.4968069900998181,2.281960413166291,0.0094942269854214,0.9939653680317274
90,rewiring,ba,250,5.0,0.0,0.2,0.0,100000,225.8,53.55520516252365,1.9958015819166592,0.0704940027856562,2.0162785867861124,0.0761252142238116,2.064784188074537,0.0930439327336535,0.510439125041467,0.2297740930907354,0.6113342805666806,0.7868730893997892,0.042411704278614154,0.3427424049018894
91,rewiring,ba,250,5.0,0.0,0.2,0.4,100000,259.8,84.28855201034123,2.028567117779934,0.032564678093540946,2.034153549828923,0.036930408137942,2.219824588435196,0.12138633223938368,0.4970475127660813,0.23492649720619035,0.6177283413071748,0.778797856914833,0.050975288406983545,0.3392250338806655
92,rewiring,ba,250,5.0,0.0,0.2,0.8,100000,4823.8,995.839826478134,1.9142991222570724,0.2853945461938597,1.9280716718060569,0.28951016356734866,2.05050049031878,0.34716978362982803,0.50036568501331,0.22564550679669226,0.4969455748522404,0.7683656549470985,0.15551550466308006,0.33468102540075817
93,rewiring,ba,250,5.0,0.0,0.2,1.2,100000,79349.2,13145.776072944496,2.6711700914944045,0.3494784451091799,3.149431751939063,0.8077568934129661,3.561471681834952,1.1004167453615898,0.5162214163233222,0.2289885593616097,0.5152871750743397,1.1689735842578022,0.11555085035088491,0.509175905152524
94,rewiring,ba,250,5.0,0.0,0.2,1.6,100000,4494.8,4055.9248217884906,8.348928958696098,0.2768086493445075,38.21381728191576,1.7706338466498592,92.79633349137552,8.040975853847023,0.4919553837933149,0.2794785419595825,0.4784362751790491,2.2376048806300703,0.034804603577481656,0.9746451979852915
95,rewiring,ba,250,5.0,0.0,0.3,0.0,100000,310.6,495.6904679333666,1.1674352315112455,0.16251985112424455,1.1700997037248402,0.16590374118491066,1.4155347786512391,0.1566739925923442,0.4907404238317722,0.09686376990468884,0.4670991470586493,0.28595892641408105,0.18482620740700084,0.12455661715040324
96,rewiring,ba,250,5.0,0.0,0.3,0.4,100000,106.6,34.69063274141883,1.2156568701486201,0.4030545007934275,1.2246667559685884,0.4210680733748192,1.2468045909345558,0.43251933657574426,0.4963949671674218,0.07030587390412753,0.4524729083449678,0.17947556279560867,0.2777325820563266,0.07817510452747663
97,rewiring,ba,250,5.0,0.0,0.3,0.8,100000,3039.0,1574.5262144530966,1.5736187820010754,0.3992621684764941,1.5821386144016336,0.4080031574623103,1.6139461188618112,0.4200759978469481,0.4998870258691618,0.15984049411006865,0.4823644489809327,0.5122063754134365,0.2254863742775087,0.22310439546126923
98,rewiring,ba,250,5.0,0.0,0.3,1.2,100000,63740.4,17237.159668576493,1.790774806274164,0.4918948430956457,1.8539563736133544,0.5469130504513257,1.8699509554600564,0.5459967264371792,0.5086855873388995,0.17056722073115113,0.4919281411683574,0.6984313506252378,0.350806745597408,0.30421937666563803
99,rewiring,ba,250,5.0,0.0,0.3,1.6,100000,3865.6,2894.811054283164,8.286478661289262,0.2955736282317878,38.344147127201744,2.4240148595986324,91.21555823851378,6.964373130915122,0.5073746368769918,0.27753709855061875,0.5044096068117707,2.247395554404021,0.03394347569466194,0.9789097726925715
100,rewiring,ba,250,5.0,0.0,0.4,0.0,100000,38.6,1.8547236990991407,1.01943756052877,0.008329364580275344,1.01947135538195,0.008362852154770976,1.316997439997548,0.3857869326720795,0.4856222273719393,0.04403656260842196,0.4834137153838413,0.0558971798856589,0.0197651735057205,0.024347425422640692
101,rewiring,ba,250,5.0,0.0,0.4,0.4,100000,72.6,2.154065922853801,1.0161663593572892,0.008868747981162745,1.0161932197608696,0.008893372223293972,1.085789002904989,0.07377615669951762,0.4788600267161303,0.036935694475029784,0.4773736461585445,0.0461661612166644,0.0252481033020344,0.020108834999755083
102,rewiring,ba,250,5.0,0.0,0.4,0.8,100000,1099.6,191.25647701450526,1.0146110601183889,0.014949207007815856,1.0146526657415165,0.015022146090745791,1.1148038501071942,0.21360152593356493,0.4836136904151388,0.028361898451764605,0.4817946748725076,0.04093763901282523,0.04097495233462838,0.017831420384402448
103,rewiring,ba,250,5.0,0.0,0.4,1.2,100000,55059.4,14913.016644529032,1.0982585101504672,0.05138066026206802,1.1189472461382528,0.05361165082094406,1.1247643014591506,0.05305285048286172,0.4975541212885522,0.06630609544127394,0.490007583692942,0.2585810773375969,0.09129369725717904,0.11263150500725862
104,rewiring,ba,250,5.0,0.0,0.4,1.6,100000,8229.8,4250.470910381578,8.418445628284971,0.29275477459947113,36.61815113919031,3.276840724735964,87.10587560675215,6.4610005495552825,0.5049407926560592,0.2655834000599567,0.4935960785267148,2.2204164985735475,0.0483727173670748,0.9671583649981337
105,rewiring,ba,250,5.0,0.1,0.2,0.0,100000,1255.4,446.04062595239014,2.173746595500904,0.2493246826582728,2.173801494075298,0.2493023946167776,2.173944985005294,0.2492699845688025,0.522969342621286,0.2386629275033707,0.5525133172087779,0.8261492449121274,0.12736362091026981,0.35985012427486684
106,rewiring,ba,250,5.0,0.1,0.2,0.4,100000,21026.2,2558.8468809211704,1.9580716450791895,0.044190708687326434,1.9580972139779835,0.04421425175861232,1.9580972139779835,0.04421425175861232,0.509191271014937,0.23494711778022126,0.5559301701802891,0.7118558086232147,0.02550524461536981,0.31006673767049925
107,rewiring,ba,250,5.0,0.1,0.2,0.8,100000,9919.8,3132.083804753634,2.202580575517336,0.4068905935067526,2.2062518118630368,0.40581518233914304,2.2063626863177985,0.405780976196682,0.5002725914912205,0.2416062171259977,0.5307209596273286,0.849397132126243,0.13764150623157292,0.36997632744535747
108,rewiring,ba,250,5.0,0.1,0.2,1.2,100000,99999.0,0.0,2.5694683919031003,0.4832715058013478,3.028629834333654,0.4865277224256203,3.4187495037212345,0.5143498148261021,0.498480107150248,0.25374997404461785,0.4492216259709202,1.1138154154002302,0.22725897471045234,0.48515037460775834
109,rewiring,ba,250,5.0,0.1,0.2,1.6,100000,3790.0,2910.87759962524,8.63706443503451,0.40622059969861,43.604029280636645,2.0205296506009143,109.52675499149991,5.3983842477778765,0.497844166737366,0.2847510645372498,0.5096393360278769,2.264103360756195,0.023938826998213467,0.9861872788202081
110,rewiring,ba,250,5.0,0.1,0.3,0.0,100000,737.4,323.2043316541412,1.5619316301114017,0.39254348790800336,1.5687642441083205,0.4003898154903484,1.5687642441083205,0.4003898154903484,0.5271486521470667,0.15957820446198495,0.551224894236397,0.5013172552463898,0.22074714661796108,0.21836136474437678
111,rewiring,ba,250,5.0,0.1,0.3,0.4,100000,5883.8,7409.055713112164,1.1737794649531752,0.3030617052395975,1.17380687954739,0.3030491500067025,1.2340025155264651,0.29389623500786105,0.4808846076074934,0.06745287381130753,0.4540977567259105,0.17511383464523278,0.22896924728383197,0.07627524390709575
112,rewiring,ba,250,5.0,0.1,0.3,0.8,100000,9360.6,5068.732883078375,1.3883811491533475,0.4105098605797406,1.3914576347305314,0.4129837634719041,1.587311241538639,0.4434202500938496,0.4986237106363126,0.10855987495357344,0.4750561867256876,0.3672728989308098,0.2633013561002351,0.15997496715874857
113,rewiring,ba,250,5.0,0.1,0.3,1.2,100000,96080.8,5608.37239847712,1.8652047672792176,0.3331488394448527,1.9692336479485173,0.3649049742696036,2.8275775159866745,0.9188326215516333,0.5026794046062324,0.2036658601465579,0.4073523502725546,0.767163713451121,0.17916536445149167,0.3341574894907972
114,rewiring,ba,250,5.0,0.1,0.3,1.6,100000,8174.2,3767.6976736463344,8.760042853442169,0.695282142837134,44.10945113805069,3.2842156801018514,109.79894604120192,2.872064444862706,0.4994617124571136,0.28655904881029604,0.5182003823008017,2.2535960194820057,0.03607166004080625,0.9816105415217098
115,rewiring,ba,250,5.0,0.1,0.4,0.0,100000,344.6,189.7878815941629,1.0364224115758296,0.02428660870067417,1.0399775235674609,0.028210234167178955,1.0399918580862946,0.028219511719909312,0.5065878770311965,0.05139728014857521,0.5058028286704013,0.10442662556542155,0.06581125335196818,0.04548564852990803
116,rewiring,ba,250,5.0,0.1,0.4,0.4,100000,552.2,312.799872122736,1.0547819348975582,0.0103014448885818,1.0635357585022975,0.004290009150208393,1.0794930403052396,0.010659404867506446,0.5066714159508678,0.05447466337162445,0.506459239955943,0.18183850198008322,0.009189314574370246,0.07920434224018259
117,rewiring,ba,250,5.0,0.1,0.4,0.8,100000,3160.2,907.3542637801401,1.0864752929513617,0.02284139670874241,1.1032589715929435,0.020147296949692185,1.1130680725964823,0.033824589434250436,0.5061082523432663,0.08035064460780214,0.5034102212821392,0.23658961594169256,0.039206504492692924,0.10305256976639443
118,rewiring,ba,250,5.0,0.1,0.4,1.2,100000,78220.6,11008.60944170516,1.1418428557652267,0.05412380652436514,1.1817312434854288,0.0729663950935211,1.181979591600961,0.0731989299785767,0.4974684093859976,0.07860911327938681,0.4927079753816813,0.3890515037709254,0.1427246836212899,0.16946118736231772
119,rewiring,ba,250,5.0,0.1,0.4,1.6,100000,9066.4,6734.718482609352,8.731111561881024,0.2265077038563749,45.20614414441749,1.7864757023866291,108.24981104693369,5.966994552560362,0.4914498620050923,0.2815498775029753,0.4786251901454358,2.2648417970960737,0.010469395430919225,0.9865089233781507
120,rewiring,ba,250,5.0,0.2,0.2,0.0,100000,423.0,91.34549797335389,1.9421492817840147,0.15097925918704289,1.9454405692496373,0.1445581085064364,1.9454405692496373,0.1445581085064364,0.5063283395106295,0.2274332772999199,0.4789038765630994,0.703248440660661,0.04552226504841154,0.30631758163110356
121,rewiring,ba,250,5.0,0.2,0.2,0.4,100000,11914.0,1338.244372302757,2.0777510955429817,0.2410138937862804,2.0777510955429817,0.2410138937862804,2.0777510955429817,0.2410138937862804,0.5035274892895905,0.2284457997495877,0.6150489125600391,0.7780081584583194,0.13355868351676156,0.3388810608159121
122,rewiring,ba,250,5.0,0.2,0.2,0.8,100000,19278.8,2169.6249814196,2.5812103547766427,0.43851865332825546,2.587273367437996,0.4427096730281347,2.5872999916919266,0.4426767353586872,0.5202356777976043,0.2505833447250786,0.4893289937370801,0.9790227340832797,0.15894104627720354,0.4264380252084602
123,rewiring,ba,250,5.0,0.2,0.2,1.2,100000,99999.0,0.0,3.039436323373548,0.3755479984073963,3.7418837579760575,0.5809199213281664,6.178652018921405,2.5745939832196894,0.513024007598286,0.2493705933679027,0.5389537178921409,1.3246116749976853,0.09950809835757064,0.576967997973001
124,rewiring,ba,250,5.0,0.2,0.2,1.6,100000,3838.2,3415.517202416056,8.860270853029608,0.34311407514323594,45.75511501742716,3.571512102703877,127.40716383595802,5.690202424880901,0.4973522100534287,0.2812174292383992,0.4944175138869147,2.2720039326368373,0.012597243969020126,0.9896285720134179
125,rewiring,ba,250,5.0,0.2,0.3,0.0,100000,215.6,60.18837096981442,1.1919019406253646,0.3392329714616582,1.1919301398047548,0.3392211359137847,1.1919435700065453,0.3392144997406588,0.4951789446750318,0.07583004228596328,0.5277099536921919,0.18250728509586467,0.24114543700934607,0.07949564758096576
126,rewiring,ba,250,5.0,0.2,0.3,0.4,100000,3897.0,4660.091672918034,1.2056546372825359,0.3501239892915325,1.2073650176942334,0.3492206490444155,1.2172020760396949,0.34389285688540283,0.4982511233352181,0.0709649279435354,0.5320654924034909,0.21092169645161998,0.23654667609458574,0.09187226054833984
127,rewiring,ba,250,5.0,0.2,0.3,0.8,100000,10112.2,4550.272405032472,1.4921670016221822,0.3669878950865673,1.5011770423099648,0.37402452749614457,1.5497505926840165,0.33110636885854217,0.5057979908817114,0.1520460936796873,0.5881499349106185,0.4915924462699747,0.20361006696126296,0.21412547910959112
128,rewiring,ba,250,5.0,0.2,0.3,1.2,100000,99999.0,0.0,2.4889506576459826,0.13869975804156318,5.184843069326076,4.119081282759322,30.65207043661796,41.08339280594787,0.5081342039776218,0.2027931684979726,0.5528178392315517,1.230014927946262,0.12453816254947458,0.5357640007629405
129,rewiring,ba,250,5.0,0.2,0.3,1.6,100000,6854.2,7676.3353339989,9.158463714856216,0.21169297404404488,48.368824033697464,1.8416515051238047,132.2090117726165,9.534280014967417,0.5016945539095123,0.28614009206075297,0.4865942068892223,2.269060328076722,0.017134120477771457,0.9883464108623946
130,rewiring,ba,250,5.0,0.2,0.4,0.0,100000,120.6,44.652435543876,1.0261123440533215,0.013202992131004551,1.029573918060439,0.01718406393634437,1.2360619424834582,0.4232410139762013,0.5189457510237971,0.041714179950431335,0.5219933252396066,0.08822524973071022,0.04746614970667287,0.03842873097723895
131,rewiring,ba,250,5.0,0.2,0.4,0.4,100000,2987.8,1755.2548988679682,1.0411620465514202,0.014967350411700891,1.0430098971467183,0.01725323177044925,1.0762339216752457,0.0717902348164549,0.5126429734164779,0.05736743062906353,0.5127086298469804,0.11647476422999363,0.038607845676979016,0.050733518963038106
132,rewiring,ba,250,5.0,0.2,0.4,0.8,100000,11025.6,2224.833620745605,1.0708303635497272,0.029988806274278,1.0781916296505996,0.02943793656062896,1.0911798636438708,0.03842371107733463,0.4948718832045952,0.0743564765931208,0.4998453829972585,0.20030877170647302,0.07115447278610132,0.08724953370814627
133,rewiring,ba,250,5.0,0.2,0.4,1.2,100000,99999.0,0.0,1.4556202876484998,0.1286572841477095,1.6332769518638302,0.13228837035555052,3.1261464440213222,0.7232597559676928,0.5092072689359017,0.10982304333234527,0.5174604488400372,0.7750803970670838,0.07161216405613668,0.3376058005563747
134,rewiring,ba,250,5.0,0.2,0.4,1.6,100000,2141.2,1386.7704063759077,9.045508375387293,0.2706790307119128,49.42654920941651,2.4331507754510437,138.76131387112218,4.04849251460835,0.4861203196736333,0.2812302464036519,0.4830173595306267,2.2829046800534476,0.00812580287164427,0.9943766672718883
135,rewiring,ba,250,5.0,0.3,0.2,0.0,100000,340.6,113.32184255473436,2.1060074074339097,0.4270119448557739,2.1060074074339097,0.4270119448557739,2.1060074074339097,0.4270119448557739,0.5121463276217282,0.2304995126398181,0.6601326894779911,0.753025247736971,0.1691223830422517,0.3279991244306996
136,rewiring,ba,250,5.0,0.3,0.2,0.4,100000,9987.8,1096.0914925315317,2.0486706925098264,0.13542333528323422,2.048793142987564,0.13535330788268213,2.048793142987564,0.13535330788268213,0.4799187009462508,0.24065183443849086,0.4955104222477624,0.7856942549365943,0.08139925218078974,0.3422289338424015
137,rewiring,ba,250,5.0,0.3,0.2,0.8,100000,23081.8,7431.9497683986,2.5560798472505404,0.4341229617597538,2.5755509573083684,0.4459932704715333,2.5777584247046863,0.4471997763105805,0.4975624074166602,0.2578768986676484,0.4139562500927068,0.9827960512658546,0.170296230664535,0.42808158860265355
138,rewiring,ba,250,5.0,0.3,0.2,1.2,100000,99999.0,0.0,3.9716726667951017,0.9230102316512948,8.23647389690619,3.41491643113414,29.589528841219266,25.854740015863207,0.4865053649803645,0.2555538272750191,0.5160985070684518,1.694256633775095,0.10697831491081781,0.7379761755787037
139,rewiring,ba,250,5.0,0.3,0.2,1.6,100000,6467.8,7693.326937027958,9.114080919784792,0.3833941645530721,50.38398121188694,1.7615774771182835,143.77283981700162,10.489575377857154,0.5149267213816179,0.278433032840345,0.5320319422111244,2.2784971532628098,0.011285445951055418,0.9924568578995218
140,rewiring,ba,250,5.0,0.3,0.3,0.0,100000,108.6,36.827163887543655,1.024962152723628,0.03075258974777654,1.0250073168927087,0.030839878527868483,1.0315322518985952,0.02823843179227992,0.4959503581040677,0.035877181940867996,0.4939206441625614,0.06789423510747113,0.07703777880936549,0.02957304517486931
141,rewiring,ba,250,5.0,0.3,0.3,0.4,100000,4419.6,2718.717241641727,1.2482284701869324,0.3148296926066993,1.2503503209107798,0.313826227351344,1.2538534021309955,0.31148784693856524,0.4920105158976747,0.1031522505452757,0.4604842974828658,0.31775428100247927,0.20033490780325797,0.13840588514945046
142,rewiring,ba,250,5.0,0.3,0.3,0.8,100000,14200.2,3500.710350771683,1.7537514541009926,0.3591019216633758,1.7686819806790972,0.3661907687654631,1.7687135499454456,0.36618782000146144,0.5028440354103608,0.1901061790140868,0.5708232098516757,0.6321166187086782,0.21136519072569182,0.27533432391228635
143,rewiring,ba,250,5.0,0.3,0.3,1.2,100000,99999.0,0.0,3.273856702894777,0.6673893361016734,7.2412583774093155,4.667988151248424,37.020813121650654,37.46032601568193,0.5080804196006758,0.2219720263776938,0.6064150579731081,1.4709118563372485,0.2453824363616394,0.6406927290197225
144,rewiring,ba,250,5.0,0.3,0.3,1.6,100000,3526.0,2773.3863776978496,9.19064674105407,0.2663808150455393,48.824730960511744,1.8761820116543104,148.77346667525993,7.5075797046319375,0.4824734298101312,0.2903407092154858,0.4693887173983399,2.2686710852846157,0.019964355052831163,0.988176866354577
145,rewiring,ba,250,5.0,0.3,0.4,0.0,100000,79.2,36.864074652702186,1.017799833162608,0.00327761644390332,1.0194520729070935,0.004030694118397733,1.0658504274117313,0.08328958931310684,0.4922369030017631,0.033689262227914865,0.4907762429623617,0.05623969409913223,0.008200184865096537,0.024496616120378845
146,rewiring,ba,250,5.0,0.3,0.4,0.4,100000,1510.2,749.0413606737615,1.0461269843211738,0.014659968735608356,1.0514588656684778,0.015619354607636016,1.0514806045587035,0.015636907295212776,0.5057262684635732,0.06485618729024839,0.5069321594251082,0.12568134512797272,0.0392573234420604,0.054743677297851775
147,rewiring,ba,250,5.0,0.3,0.4,0.8,100000,9497.6,2450.735448798993,1.0618323390745878,0.023745861076219333,1.070929208076458,0.02420096949103211,1.297272260621957,0.4379640349430538,0.4963633459521263,0.0694209688332545,0.4925512439164058,0.1703929382300819,0.05060435813030934,0.07421893849721607
148,rewiring,ba,250,5.0,0.3,0.4,1.2,100000,99999.0,0.0,2.6739856197732195,0.5540503844901428,12.021934671271422,7.517840690459387,89.00849817059569,41.26042375581184,0.4930864694797768,0.1430319435321898,0.5227769125198616,1.4481896022254,0.1368641150544503,0.6307954785939552
149,rewiring,ba,250,5.0,0.3,0.4,1.6,100000,7711.6,4928.958169836705,9.174623690293519,0.14652396836080608,50.43279658406613,1.98315191524428,148.45049583331206,12.993012565182035,0.5053423680210489,0.2829122105391223,0.497615753737198,2.27975358591847,0.010099374975181454,0.9930041288073714
150,rewiring,ba,250,5.0,0.4,0.2,0.0,100000,269.6,78.20127876192308,1.9360163813565885,0.12207953994843598,1.9360942623625919,0.12213161050236948,1.9361491228344727,0.12219186606091967,0.5047545161782561,0.2274419879367049,0.45386569764892104,0.7128160280491582,0.05975928975681788,0.3104849854409656
151,rewiring,ba,250,5.0,0.4,0.2,0.4,100000,7187.0,567.6882947533796,2.010384676293256,0.12156049068038664,2.0107712403472666,0.12229900983602153,2.011078322461696,0.12227061210345368,0.4929408642017436,0.2392187651245996,0.6047608615341762,0.76131611852352,0.07504757011258581,0.3316104221487092
152,rewiring,ba,250,5.0,0.4,0.2,0.8,100000,27915.0,5634.31351630347,2.457372087557381,0.3694547436931399,2.4680290056769563,0.3590544407164576,2.4682083150958136,0.3589041015821165,0.4971196317283987,0.25197979749324445,0.5410276404278348,0.9740756945555897,0.1101450887231841,0.4242832174666444
153,rewiring,ba,250,5.0,0.4,0.2,1.2,100000,99999.0,0.0,5.273595842208197,0.7607486559354038,15.435088984896275,5.438647994650704,68.71384281324471,27.913578255595787,0.49460585374638294,0.2629582907098939,0.4693575168637139,1.9023898566671793,0.09798087790334171,0.8286338461929417
154,rewiring,ba,250,5.0,0.4,0.2,1.6,100000,4571.8,2361.9066365967983,9.355854335522956,0.2523509950525845,53.870721842455985,1.5931736004897334,166.10240955616618,8.231621713870133,0.4973299771620576,0.29357070213036485,0.4916657357784929,2.280580902572823,0.012657095892854813,0.9933644874262495
155,rewiring,ba,250,5.0,0.4,0.3,0.0,100000,108.4,46.18917622127504,1.181861904598953,0.34767698467723473,1.181861904598953,0.34767698467723473,1.1899719446811776,0.3435622327258613,0.5088100308889144,0.061034816335473224,0.5425805461618008,0.15021825348873658,0.25600504485567505,0.06543134611473854
156,rewiring,ba,250,5.0,0.4,0.3,0.4,100000,4249.6,1833.817722675839,1.1622147563407144,0.19269954058459576,1.1632083127573751,0.19435044347231345,1.163222884145473,0.1943432261028761,0.5082779047052449,0.09297808949965364,0.5269206821875583,0.2510422067016142,0.18526184266607404,0.10934775990677248
157,rewiring,ba,250,5.0,0.4,0.3,0.8,100000,18815.4,6216.906066525375,1.8798038818240208,0.14975837813836665,1.8874836318240824,0.15487202212020335,1.986376401154094,0.2801979800454025,0.4963107871687466,0.20609059064559468,0.4512964964273909,0.7030112484568377,0.055216437494304306,0.3062142665889989
158,rewiring,ba,250,5.0,0.4,0.3,1.2,100000,99999.0,0.0,3.635387169889982,0.8813252981601352,11.57131835935354,7.187545967339433,61.50539528970963,47.81856529622119,0.5102391887516564,0.2374469868894879,0.5799878497596165,1.6341838470841399,0.20156104136863479,0.7118099593781706
159,rewiring,ba,250,5.0,0.4,0.3,1.6,100000,1300.6,1431.6953027791913,9.172301453480195,0.15710073375449865,52.48759846012973,2.756396323993191,178.80500247306358,2.296578997214542,0.4967780665661527,0.2822128171968933,0.5090149026283595,2.273567398190957,0.008053465693592119,0.9903095788380496
160,rewiring,ba,250,5.0,0.4,0.4,0.0,100000,74.8,15.663971399361019,1.0211104889625235,0.008376566572736025,1.0228165656870902,0.0109880812358392,1.0313587615887154,0.02247114748683374,0.5023875298055478,0.038654094695876495,0.5022534732919642,0.06443341427379079,0.025369084379165612,0.028065597440985125
161,rewiring,ba,250,5.0,0.4,0.4,0.4,100000,1095.8,641.9340776123355,1.0327228343478156,0.007478442557638702,1.0327435338291906,0.0074939390331859425,1.0327502495904577,0.0074864299064981345,0.4992618458247426,0.04361298893066397,0.5003163807812526,0.09866300497736816,0.020941643505703413,0.042975158327735415
162,rewiring,ba,250,5.0,0.4,0.4,0.8,100000,7633.8,1483.9600264158062,1.0412721632103938,0.019370125040730924,1.0448030729936884,0.01921876322714941,1.0465307352124742,0.0199536660806622,0.4901435012070195,0.05080931227693608,0.4873107989672949,0.12047583365995881,0.04577744440042307,0.05247628558840551
163,rewiring,ba,250,5.0,0.4,0.4,1.2,100000,99999.0,0.0,5.192598683266276,0.8546080452789403,29.25716100014673,3.4526038194517965,119.17898172564682,8.74202779833554,0.4814458909316487,0.17032542234025114,0.4628282478894253,1.8660887111437408,0.133084275424742,0.8128219673969757
164,rewiring,ba,250,5.0,0.4,0.4,1.6,100000,4753.4,2711.203172025291,9.307643769029477,0.1850786603985816,54.068171911494396,2.6865418862412245,176.11177564399293,7.637530529181531,0.5130296593506374,0.2861357734111146,0.5247049406602728,2.281299797543719,0.007891338718821419,0.993677620248449
165,rewiring,ba,250,5.0,0.5,0.2,0.0,100000,176.4,27.419700946582182,2.153623137750935,0.2680335395467029,2.1560094650087374,0.2661204579378396,2.1560094650087374,0.2661204579378396,0.4974120463653639,0.2309099843483875,0.5078408390993226,0.8156630883384535,0.13647846308741318,0.355282614506576
166,rewiring,ba,250,5.0,0.5,0.2,0.4,100000,6834.4,1455.6971663089819,2.301804396779098,0.3485695112486551,2.3018307965607843,0.34854899968995184,2.3019020258535456,0.3484721996842912,0.5031903558907466,0.23576583649937796,0.5221074381043671,0.8746079665095159,0.13913248614818252,0.3809575417256644
167,rewiring,ba,250,5.0,0.5,0.2,0.8,100000,17172.4,3025.334004700969,2.144314586095058,0.3855038080319577,2.1533700671990514,0.3805850905378386,2.15339602981604,0.3805755898760547,0.5097268539983928,0.2444115846319136,0.6679897008284048,0.8180184068232395,0.149868995759418,0.35630853283147534
168,rewiring,ba,250,5.0,0.5,0.2,1.2,100000,99999.0,0.0,5.878440960268419,0.7905963413064617,20.89128881557324,7.169281327292382,65.34094183466155,24.155479235016905,0.4966285478247087,0.26109167477825856,0.4823183524900859,2.0031496145867402,0.10430083535048074,0.8725222981071186
169,rewiring,ba,250,5.0,0.5,0.2,1.6,100000,2450.2,2249.888032769631,9.582149586707184,0.14336305604096616,56.63487972743698,0.34031507172040903,189.03017509396042,7.791149695211128,0.4934109339109217,0.2916259135177134,0.4823557452971124,2.2806530377787384,0.01004630156336389,0.9933959077331408
170,rewiring,ba,250,5.0,0.5,0.3,0.0,100000,96.6,17.749366185867032,1.2004260879674222,0.35212616343642394,1.2020920943543532,0.35126957840164313,1.3906244983894829,0.4420804383135218,0.5013516574333656,0.0824355785389985,0.5358728062331488,0.19577142376619466,0.2371930460166292,0.0852731774622949
171,rewiring,ba,250,5.0,0.5,0.3,0.4,100000,3990.6,2185.3899057147673,1.4197750782000695,0.4538815566174032,1.4198406337794205,0.4538305714447742,1.4251601166892935,0.4565952273895329,0.4933239263515087,0.1274854622677984,0.4994859237329809,0.35757960987997284,0.28022010613079296,0.15575281082191517
172,rewiring,ba,250,5.0,0.5,0.3,0.8,100000,15876.4,4402.738629535032,1.2891543931511866,0.3652412545539716,1.2927501056748767,0.3706203030036648,1.2948933374546698,0.3692656081236503,0.5036140017555197,0.10882825026504137,0.4742452024642693,0.3405622993757344,0.24314250150676645,0.1483404923607084
173,rewiring,ba,250,5.0,0.5,0.3,1.2,100000,99999.0,0.0,4.526105893548428,1.3825994656454628,18.2573417664652,12.698042857903712,70.86619568424811,42.92764933738443,0.4876333561232918,0.2511123077331192,0.4392605376230262,1.7484616747911503,0.2742500478513574,0.7615865472713225
174,rewiring,ba,250,5.0,0.5,0.3,1.6,100000,2594.8,2488.228799769025,9.444635056903227,0.1977820464080374,57.148909144660436,1.869559428209936,196.94292916162857,11.296395412944396,0.4967853721453167,0.28588603708768245,0.5003697915774951,2.2889650162294,0.005073684835184761,0.9970163994262111
175,rewiring,ba,250,5.0,0.5,0.4,0.0,100000,72.6,12.403225386970925,1.0314297877777268,0.027109871980670858,1.031533440197872,0.027280504464834317,1.0484574746033497,0.033066662411896784,0.5095162318400919,0.05016736731690101,0.5115061032427787,0.0869441646360893,0.06722554353324958,0.037870722078308036
176,rewiring,ba,250,5.0,0.5,0.4,0.4,100000,1966.4,602.8122759201243,1.068736802153376,0.017778208708913768,1.0723922815172289,0.016293142725818072,1.075927523902959,0.014768430478670004,0.4966207073714696,0.061894936690386426,0.49467464823571,0.1833088435526234,0.041897797251121395,0.07984478656772219
177,rewiring,ba,250,5.0,0.5,0.4,0.8,100000,10143.6,2338.641024184772,1.0938176520256555,0.02527594130672215,1.1015965067518638,0.02538412749126861,1.1273978980219022,0.023847381238840143,0.4962201403229886,0.07805410127194548,0.4993148434094213,0.2567591183076569,0.0656959997106193,0.11183790483466831
178,rewiring,ba,250,5.0,0.5,0.4,1.2,100000,99999.0,0.0,5.230153924107715,1.0748120955356204,30.22936636021935,8.180275672532602,124.93702045103369,2.145711524602617,0.4883612322661721,0.1918956466070864,0.4630184601794107,1.9094328049598748,0.12446900645779271,0.83170157981855
179,rewiring,ba,250,5.0,0.5,0.4,1.6,100000,3967.0,3203.841881241957,9.529295149778218,0.08110225093243867,56.741420557447434,2.246701516479892,195.82025629766048,9.94381856004508,0.4978458698149815,0.29115630562076816,0.4948218880839498,2.2800677955123176,0.009933571759106502,0.9931409907146972
