0,45,{}
0,48,{}
0,50,{}
0,94,{}
0,111,{}
0,122,{}
0,127,{}
0,134,{}
0,138,{}
0,143,{}
0,145,{}
0,151,{}
0,154,{}
0,160,{}
0,183,{}
0,195,{}
0,199,{}
0,204,{}
0,237,{}
0,243,{}
1,16,{}
1,30,{}
1,42,{}
1,63,{}
1,74,{}
1,79,{}
1,85,{}
1,93,{}
1,96,{}
1,100,{}
1,103,{}
1,105,{}
1,150,{}
1,151,{}
1,152,{}
1,160,{}
1,174,{}
1,176,{}
1,180,{}
1,187,{}
1,195,{}
1,198,{}
1,211,{}
1,213,{}
1,215,{}
1,228,{}
1,229,{}
1,240,{}
1,246,{}
2,9,{}
2,13,{}
2,14,{}
2,22,{}
2,30,{}
2,43,{}
2,44,{}
2,47,{}
2,55,{}
2,61,{}
2,63,{}
2,84,{}
2,93,{}
2,95,{}
2,108,{}
2,112,{}
2,128,{}
2,130,{}
2,151,{}
2,160,{}
2,164,{}
2,165,{}
2,175,{}
2,206,{}
2,217,{}
2,221,{}
2,249,{}
3,14,{}
3,18,{}
3,44,{}
3,46,{}
3,49,{}
3,64,{}
3,68,{}
3,70,{}
3,72,{}
3,79,{}
3,110,{}
3,112,{}
3,116,{}
3,123,{}
3,127,{}
3,141,{}
3,142,{}
3,156,{}
3,158,{}
3,179,{}
3,217,{}
3,220,{}
3,225,{}
3,228,{}
3,235,{}
3,247,{}
4,17,{}
4,31,{}
4,55,{}
4,75,{}
4,85,{}
4,96,{}
4,117,{}
4,122,{}
4,129,{}
4,153,{}
4,155,{}
4,187,{}
4,196,{}
4,233,{}
4,242,{}
4,246,{}
4,248,{}
5,7,{}
5,16,{}
5,20,{}
5,39,{}
5,59,{}
5,68,{}
5,70,{}
5,74,{}
5,75,{}
5,88,{}
5,96,{}
5,108,{}
5,109,{}
5,119,{}
5,154,{}
5,165,{}
5,166,{}
5,180,{}
5,187,{}
5,188,{}
5,212,{}
5,223,{}
5,226,{}
5,239,{}
5,242,{}
5,245,{}
6,58,{}
6,62,{}
6,99,{}
6,112,{}
6,132,{}
6,136,{}
6,140,{}
6,184,{}
6,197,{}
6,209,{}
6,211,{}
6,212,{}
6,214,{}
6,232,{}
6,236,{}
7,8,{}
7,14,{}
7,16,{}
7,30,{}
7,34,{}
7,42,{}
7,47,{}
7,67,{}
7,75,{}
7,83,{}
7,104,{}
7,105,{}
7,121,{}
7,123,{}
7,124,{}
7,128,{}
7,135,{}
7,139,{}
7,148,{}
7,190,{}
7,192,{}
7,195,{}
7,208,{}
7,215,{}
7,218,{}
7,242,{}
7,244,{}
7,247,{}
8,20,{}
8,27,{}
8,30,{}
8,38,{}
8,47,{}
8,53,{}
8,61,{}
8,71,{}
8,74,{}
8,92,{}
8,116,{}
8,119,{}
8,125,{}
8,128,{}
8,133,{}
8,139,{}
8,153,{}
8,193,{}
8,197,{}
8,212,{}
8,249,{}
9,27,{}
9,32,{}
9,46,{}
9,59,{}
9,62,{}
9,67,{}
9,75,{}
9,79,{}
9,81,{}
9,89,{}
9,97,{}
9,113,{}
9,129,{}
9,136,{}
9,151,{}
9,163,{}
9,176,{}
9,180,{}
9,185,{}
9,199,{}
9,204,{}
9,209,{}
9,211,{}
9,227,{}
10,13,{}
10,16,{}
10,21,{}
10,25,{}
10,27,{}
10,44,{}
10,50,{}
10,53,{}
10,62,{}
10,75,{}
10,83,{}
10,86,{}
10,97,{}
10,114,{}
10,122,{}
10,144,{}
10,150,{}
10,163,{}
10,181,{}
10,189,{}
10,194,{}
10,199,{}
10,231,{}
10,239,{}
11,24,{}
11,25,{}
11,34,{}
11,43,{}
11,63,{}
11,70,{}
11,81,{}
11,104,{}
11,108,{}
11,122,{}
11,123,{}
11,128,{}
11,131,{}
11,151,{}
11,176,{}
11,196,{}
11,197,{}
11,218,{}
11,241,{}
12,29,{}
12,31,{}
12,36,{}
12,58,{}
12,80,{}
12,82,{}
12,91,{}
12,102,{}
12,103,{}
12,107,{}
12,122,{}
12,123,{}
12,125,{}
12,133,{}
12,161,{}
12,191,{}
12,192,{}
12,210,{}
12,225,{}
12,229,{}
12,149,{}
13,15,{}
13,32,{}
13,33,{}
13,38,{}
13,44,{}
13,52,{}
13,57,{}
13,71,{}
13,79,{}
13,80,{}
13,100,{}
13,104,{}
13,131,{}
13,139,{}
13,145,{}
13,152,{}
13,158,{}
13,174,{}
13,197,{}
13,205,{}
13,217,{}
13,221,{}
13,225,{}
14,32,{}
14,36,{}
14,42,{}
14,49,{}
14,54,{}
14,56,{}
14,64,{}
14,88,{}
14,96,{}
14,97,{}
14,110,{}
14,115,{}
14,137,{}
14,138,{}
14,151,{}
14,161,{}
14,163,{}
14,179,{}
14,198,{}
14,222,{}
14,241,{}
14,242,{}
14,244,{}
14,246,{}
14,247,{}
15,33,{}
15,41,{}
15,59,{}
15,60,{}
15,70,{}
15,79,{}
15,93,{}
15,119,{}
15,120,{}
15,124,{}
15,132,{}
15,150,{}
15,165,{}
15,169,{}
15,174,{}
15,191,{}
15,206,{}
15,208,{}
15,215,{}
15,222,{}
15,228,{}
15,245,{}
15,249,{}
16,26,{}
16,36,{}
16,39,{}
16,56,{}
16,67,{}
16,68,{}
16,71,{}
16,83,{}
16,100,{}
16,107,{}
16,110,{}
16,140,{}
16,142,{}
16,147,{}
16,154,{}
16,166,{}
16,176,{}
16,180,{}
16,196,{}
16,208,{}
16,221,{}
16,223,{}
16,228,{}
16,235,{}
16,236,{}
17,64,{}
17,69,{}
17,72,{}
17,81,{}
17,84,{}
17,88,{}
17,99,{}
17,117,{}
17,151,{}
17,152,{}
17,156,{}
17,167,{}
17,170,{}
17,171,{}
17,174,{}
17,185,{}
17,190,{}
17,212,{}
17,240,{}
17,248,{}
18,25,{}
18,41,{}
18,50,{}
18,53,{}
18,69,{}
18,90,{}
18,99,{}
18,115,{}
18,121,{}
18,129,{}
18,153,{}
18,161,{}
18,176,{}
18,177,{}
18,187,{}
18,193,{}
18,198,{}
18,201,{}
18,202,{}
18,205,{}
18,212,{}
18,214,{}
18,236,{}
19,33,{}
19,42,{}
19,50,{}
19,51,{}
19,78,{}
19,82,{}
19,88,{}
19,97,{}
19,114,{}
19,117,{}
19,125,{}
19,136,{}
19,138,{}
19,140,{}
19,141,{}
19,155,{}
19,157,{}
19,174,{}
19,184,{}
19,187,{}
19,192,{}
19,193,{}
19,213,{}
19,227,{}
19,233,{}
19,236,{}
19,238,{}
19,246,{}
19,248,{}
20,41,{}
20,45,{}
20,58,{}
20,72,{}
20,75,{}
20,84,{}
20,87,{}
20,101,{}
20,106,{}
20,108,{}
20,115,{}
20,117,{}
20,125,{}
20,126,{}
20,138,{}
20,139,{}
20,165,{}
20,199,{}
20,201,{}
20,225,{}
20,226,{}
21,44,{}
21,50,{}
21,59,{}
21,76,{}
21,83,{}
21,93,{}
21,100,{}
21,109,{}
21,123,{}
21,134,{}
21,152,{}
21,176,{}
21,182,{}
21,195,{}
21,207,{}
21,219,{}
22,25,{}
22,45,{}
22,61,{}
22,66,{}
22,91,{}
22,96,{}
22,98,{}
22,100,{}
22,102,{}
22,140,{}
22,144,{}
22,158,{}
22,189,{}
22,193,{}
22,197,{}
22,198,{}
22,206,{}
22,212,{}
22,222,{}
22,231,{}
22,243,{}
22,244,{}
23,36,{}
23,42,{}
23,55,{}
23,63,{}
23,66,{}
23,78,{}
23,80,{}
23,90,{}
23,141,{}
23,142,{}
23,167,{}
23,171,{}
23,180,{}
23,190,{}
23,205,{}
23,207,{}
23,219,{}
23,244,{}
24,33,{}
24,42,{}
24,43,{}
24,62,{}
24,81,{}
24,110,{}
24,120,{}
24,121,{}
24,141,{}
24,142,{}
24,147,{}
24,152,{}
24,161,{}
24,170,{}
24,178,{}
24,179,{}
24,185,{}
24,209,{}
24,212,{}
24,216,{}
24,221,{}
24,228,{}
24,234,{}
24,236,{}
24,194,{}
25,31,{}
25,43,{}
25,52,{}
25,71,{}
25,75,{}
25,79,{}
25,95,{}
25,131,{}
25,147,{}
25,148,{}
25,150,{}
25,154,{}
25,155,{}
25,157,{}
25,158,{}
25,170,{}
25,171,{}
25,176,{}
25,193,{}
25,195,{}
25,214,{}
25,225,{}
25,227,{}
25,228,{}
25,233,{}
26,27,{}
26,35,{}
26,45,{}
26,50,{}
26,52,{}
26,56,{}
26,74,{}
26,83,{}
26,89,{}
26,92,{}
26,98,{}
26,109,{}
26,112,{}
26,115,{}
26,120,{}
26,129,{}
26,134,{}
26,137,{}
26,143,{}
26,144,{}
26,146,{}
26,147,{}
26,155,{}
26,161,{}
26,208,{}
26,210,{}
26,212,{}
26,213,{}
26,217,{}
26,226,{}
26,228,{}
26,240,{}
27,37,{}
27,38,{}
27,39,{}
27,43,{}
27,44,{}
27,48,{}
27,56,{}
27,60,{}
27,64,{}
27,70,{}
27,72,{}
27,87,{}
27,95,{}
27,103,{}
27,108,{}
27,118,{}
27,137,{}
27,151,{}
27,160,{}
27,166,{}
27,167,{}
27,196,{}
27,206,{}
27,212,{}
27,215,{}
28,30,{}
28,42,{}
28,45,{}
28,59,{}
28,66,{}
28,87,{}
28,94,{}
28,95,{}
28,117,{}
28,123,{}
28,128,{}
28,131,{}
28,148,{}
28,157,{}
28,169,{}
28,178,{}
28,187,{}
28,189,{}
28,199,{}
28,200,{}
28,208,{}
28,209,{}
28,211,{}
28,216,{}
28,217,{}
28,226,{}
29,46,{}
29,88,{}
29,98,{}
29,112,{}
29,120,{}
29,123,{}
29,129,{}
29,144,{}
29,149,{}
29,168,{}
29,177,{}
29,178,{}
29,214,{}
29,225,{}
29,227,{}
29,230,{}
29,238,{}
30,32,{}
30,37,{}
30,56,{}
30,61,{}
30,62,{}
30,73,{}
30,91,{}
30,98,{}
30,100,{}
30,103,{}
30,112,{}
30,113,{}
30,184,{}
30,199,{}
30,214,{}
30,216,{}
30,218,{}
30,228,{}
30,229,{}
30,236,{}
31,37,{}
31,42,{}
31,53,{}
31,70,{}
31,76,{}
31,77,{}
31,92,{}
31,98,{}
31,105,{}
31,113,{}
31,117,{}
31,119,{}
31,122,{}
31,123,{}
31,129,{}
31,135,{}
31,147,{}
31,168,{}
31,181,{}
31,188,{}
31,200,{}
31,210,{}
31,217,{}
31,221,{}
31,231,{}
31,233,{}
31,237,{}
32,37,{}
32,41,{}
32,44,{}
32,48,{}
32,53,{}
32,56,{}
32,70,{}
32,76,{}
32,78,{}
32,79,{}
32,85,{}
32,90,{}
32,104,{}
32,105,{}
32,125,{}
32,126,{}
32,130,{}
32,141,{}
32,143,{}
32,144,{}
32,175,{}
32,182,{}
32,187,{}
32,188,{}
32,191,{}
32,192,{}
32,201,{}
32,221,{}
32,244,{}
32,246,{}
33,39,{}
33,41,{}
33,45,{}
33,78,{}
33,86,{}
33,97,{}
33,105,{}
33,114,{}
33,119,{}
33,123,{}
33,139,{}
33,141,{}
33,143,{}
33,144,{}
33,145,{}
33,158,{}
33,169,{}
33,175,{}
33,184,{}
33,197,{}
33,199,{}
33,208,{}
33,236,{}
33,245,{}
33,248,{}
34,57,{}
34,60,{}
34,81,{}
34,84,{}
34,92,{}
34,97,{}
34,100,{}
34,105,{}
34,108,{}
34,114,{}
34,121,{}
34,127,{}
34,130,{}
34,157,{}
34,168,{}
34,169,{}
34,177,{}
34,189,{}
34,194,{}
34,197,{}
34,198,{}
34,211,{}
34,212,{}
34,217,{}
34,225,{}
34,242,{}
35,45,{}
35,49,{}
35,51,{}
35,54,{}
35,58,{}
35,66,{}
35,68,{}
35,91,{}
35,94,{}
35,95,{}
35,107,{}
35,108,{}
35,128,{}
35,130,{}
35,131,{}
35,135,{}
35,140,{}
35,144,{}
35,150,{}
35,151,{}
35,158,{}
35,162,{}
35,172,{}
35,173,{}
35,176,{}
35,187,{}
35,191,{}
35,197,{}
35,201,{}
35,206,{}
35,214,{}
35,226,{}
35,239,{}
36,47,{}
36,64,{}
36,92,{}
36,96,{}
36,112,{}
36,125,{}
36,127,{}
36,129,{}
36,133,{}
36,144,{}
36,163,{}
36,167,{}
36,182,{}
36,192,{}
36,204,{}
36,212,{}
36,247,{}
37,46,{}
37,61,{}
37,72,{}
37,78,{}
37,93,{}
37,108,{}
37,128,{}
37,142,{}
37,158,{}
37,164,{}
37,183,{}
37,189,{}
37,193,{}
37,196,{}
37,222,{}
38,43,{}
38,46,{}
38,69,{}
38,70,{}
38,77,{}
38,87,{}
38,93,{}
38,96,{}
38,99,{}
38,111,{}
38,115,{}
38,128,{}
38,129,{}
38,150,{}
38,163,{}
38,177,{}
38,185,{}
38,201,{}
38,228,{}
38,233,{}
38,246,{}
39,53,{}
39,56,{}
39,59,{}
39,63,{}
39,87,{}
39,90,{}
39,107,{}
39,108,{}
39,111,{}
39,113,{}
39,118,{}
39,137,{}
39,152,{}
39,154,{}
39,167,{}
39,185,{}
39,191,{}
39,202,{}
39,205,{}
39,212,{}
39,238,{}
39,240,{}
39,248,{}
40,43,{}
40,50,{}
40,62,{}
40,70,{}
40,73,{}
40,83,{}
40,84,{}
40,89,{}
40,96,{}
40,97,{}
40,136,{}
40,138,{}
40,139,{}
40,141,{}
40,151,{}
40,183,{}
40,198,{}
40,211,{}
40,225,{}
40,227,{}
40,229,{}
40,231,{}
40,246,{}
41,45,{}
41,55,{}
41,76,{}
41,78,{}
41,94,{}
41,106,{}
41,107,{}
41,110,{}
41,113,{}
41,122,{}
41,136,{}
41,143,{}
41,145,{}
41,159,{}
41,163,{}
41,169,{}
41,176,{}
41,177,{}
41,203,{}
41,207,{}
41,216,{}
41,222,{}
41,240,{}
41,242,{}
42,59,{}
42,60,{}
42,61,{}
42,68,{}
42,81,{}
42,88,{}
42,99,{}
42,104,{}
42,112,{}
42,116,{}
42,119,{}
42,122,{}
42,126,{}
42,133,{}
42,135,{}
42,138,{}
42,139,{}
42,162,{}
42,163,{}
42,168,{}
42,177,{}
42,178,{}
42,192,{}
42,197,{}
42,205,{}
42,207,{}
42,210,{}
42,211,{}
42,218,{}
42,223,{}
42,231,{}
42,234,{}
42,241,{}
42,248,{}
43,55,{}
43,57,{}
43,66,{}
43,78,{}
43,91,{}
43,92,{}
43,95,{}
43,102,{}
43,108,{}
43,119,{}
43,130,{}
43,134,{}
43,140,{}
43,148,{}
43,154,{}
43,162,{}
43,172,{}
43,231,{}
43,243,{}
43,248,{}
44,56,{}
44,73,{}
44,85,{}
44,86,{}
44,91,{}
44,92,{}
44,102,{}
44,108,{}
44,109,{}
44,111,{}
44,128,{}
44,155,{}
44,160,{}
44,165,{}
44,173,{}
44,175,{}
44,179,{}
44,180,{}
44,181,{}
44,190,{}
44,195,{}
44,211,{}
44,214,{}
44,231,{}
44,232,{}
44,234,{}
44,244,{}
44,246,{}
45,64,{}
45,67,{}
45,79,{}
45,90,{}
45,95,{}
45,103,{}
45,114,{}
45,143,{}
45,157,{}
45,165,{}
45,167,{}
45,168,{}
45,184,{}
45,185,{}
45,240,{}
46,59,{}
46,67,{}
46,71,{}
46,73,{}
46,84,{}
46,85,{}
46,87,{}
46,99,{}
46,108,{}
46,117,{}
46,146,{}
46,148,{}
46,150,{}
46,151,{}
46,168,{}
46,188,{}
46,189,{}
46,190,{}
46,193,{}
46,194,{}
46,197,{}
46,236,{}
47,55,{}
47,56,{}
47,59,{}
47,92,{}
47,107,{}
47,124,{}
47,130,{}
47,131,{}
47,136,{}
47,137,{}
47,157,{}
47,159,{}
47,181,{}
47,209,{}
47,213,{}
47,214,{}
47,219,{}
47,226,{}
47,229,{}
48,73,{}
48,84,{}
48,91,{}
48,108,{}
48,109,{}
48,114,{}
48,147,{}
48,149,{}
48,165,{}
48,176,{}
48,187,{}
48,190,{}
48,229,{}
48,234,{}
48,161,{}
49,51,{}
49,52,{}
49,53,{}
49,69,{}
49,79,{}
49,83,{}
49,87,{}
49,89,{}
49,90,{}
49,96,{}
49,109,{}
49,114,{}
49,122,{}
49,137,{}
49,139,{}
49,149,{}
49,150,{}
49,167,{}
49,180,{}
49,196,{}
49,199,{}
49,202,{}
49,221,{}
49,223,{}
49,241,{}
49,245,{}
49,249,{}
49,145,{}
50,62,{}
50,64,{}
50,65,{}
50,79,{}
50,88,{}
50,89,{}
50,99,{}
50,113,{}
50,114,{}
50,121,{}
50,124,{}
50,132,{}
50,135,{}
50,146,{}
50,151,{}
50,159,{}
50,177,{}
50,182,{}
50,190,{}
50,214,{}
50,219,{}
50,240,{}
50,247,{}
51,74,{}
51,77,{}
51,86,{}
51,88,{}
51,111,{}
51,133,{}
51,169,{}
51,181,{}
51,187,{}
51,193,{}
51,206,{}
51,208,{}
51,214,{}
51,222,{}
51,232,{}
51,237,{}
52,56,{}
52,62,{}
52,66,{}
52,69,{}
52,73,{}
52,87,{}
52,93,{}
52,115,{}
52,121,{}
52,131,{}
52,134,{}
52,139,{}
52,141,{}
52,142,{}
52,144,{}
52,153,{}
52,178,{}
52,180,{}
52,183,{}
52,221,{}
52,247,{}
53,73,{}
53,76,{}
53,87,{}
53,92,{}
53,96,{}
53,110,{}
53,120,{}
53,143,{}
53,146,{}
53,155,{}
53,162,{}
53,203,{}
53,209,{}
53,224,{}
53,236,{}
53,247,{}
54,56,{}
54,64,{}
54,71,{}
54,125,{}
54,131,{}
54,148,{}
54,154,{}
54,162,{}
54,167,{}
54,169,{}
54,183,{}
54,185,{}
54,187,{}
54,194,{}
54,199,{}
54,217,{}
54,218,{}
54,231,{}
54,241,{}
55,72,{}
55,81,{}
55,94,{}
55,96,{}
55,101,{}
55,110,{}
55,112,{}
55,123,{}
55,144,{}
55,185,{}
55,198,{}
55,204,{}
55,209,{}
55,235,{}
55,237,{}
55,249,{}
56,57,{}
56,63,{}
56,66,{}
56,67,{}
56,89,{}
56,90,{}
56,92,{}
56,93,{}
56,96,{}
56,108,{}
56,110,{}
56,113,{}
56,130,{}
56,144,{}
56,152,{}
56,153,{}
56,155,{}
56,156,{}
56,161,{}
56,164,{}
56,176,{}
56,203,{}
56,204,{}
56,206,{}
56,208,{}
56,226,{}
57,60,{}
57,67,{}
57,74,{}
57,75,{}
57,77,{}
57,85,{}
57,87,{}
57,91,{}
57,105,{}
57,108,{}
57,115,{}
57,129,{}
57,133,{}
57,153,{}
57,164,{}
57,172,{}
57,179,{}
57,198,{}
57,203,{}
57,211,{}
57,225,{}
57,226,{}
57,237,{}
58,65,{}
58,92,{}
58,95,{}
58,100,{}
58,130,{}
58,133,{}
58,134,{}
58,145,{}
58,159,{}
58,190,{}
58,207,{}
58,209,{}
58,247,{}
59,60,{}
59,69,{}
59,72,{}
59,82,{}
59,112,{}
59,125,{}
59,127,{}
59,138,{}
59,160,{}
59,166,{}
59,169,{}
59,174,{}
59,177,{}
59,179,{}
59,181,{}
59,188,{}
59,192,{}
59,221,{}
59,232,{}
59,246,{}
60,61,{}
60,67,{}
60,68,{}
60,98,{}
60,108,{}
60,115,{}
60,138,{}
60,157,{}
60,179,{}
60,201,{}
60,208,{}
60,218,{}
60,233,{}
60,237,{}
60,240,{}
60,242,{}
60,249,{}
60,217,{}
61,74,{}
61,94,{}
61,95,{}
61,96,{}
61,103,{}
61,106,{}
61,120,{}
61,124,{}
61,125,{}
61,127,{}
61,136,{}
61,158,{}
61,166,{}
61,168,{}
61,182,{}
61,231,{}
61,241,{}
61,244,{}
61,246,{}
62,74,{}
62,77,{}
62,87,{}
62,88,{}
62,107,{}
62,112,{}
62,116,{}
62,118,{}
62,125,{}
62,130,{}
62,138,{}
62,140,{}
62,146,{}
62,154,{}
62,179,{}
62,189,{}
62,194,{}
62,195,{}
62,205,{}
62,212,{}
62,213,{}
62,230,{}
63,85,{}
63,87,{}
63,98,{}
63,99,{}
63,102,{}
63,146,{}
63,155,{}
63,162,{}
63,174,{}
63,187,{}
63,188,{}
63,192,{}
63,196,{}
63,209,{}
63,213,{}
63,238,{}
63,243,{}
63,249,{}
64,81,{}
64,82,{}
64,84,{}
64,103,{}
64,104,{}
64,109,{}
64,110,{}
64,120,{}
64,140,{}
64,144,{}
64,151,{}
64,159,{}
64,161,{}
64,163,{}
64,167,{}
64,184,{}
64,194,{}
64,195,{}
64,198,{}
64,212,{}
64,239,{}
64,248,{}
65,78,{}
65,84,{}
65,93,{}
65,106,{}
65,114,{}
65,121,{}
65,131,{}
65,146,{}
65,162,{}
65,169,{}
65,175,{}
65,178,{}
65,205,{}
65,228,{}
65,231,{}
65,240,{}
65,243,{}
65,247,{}
66,69,{}
66,76,{}
66,98,{}
66,109,{}
66,120,{}
66,125,{}
66,146,{}
66,153,{}
66,169,{}
66,181,{}
66,193,{}
66,208,{}
66,214,{}
66,220,{}
66,246,{}
66,247,{}
67,81,{}
67,90,{}
67,93,{}
67,96,{}
67,97,{}
67,108,{}
67,112,{}
67,132,{}
67,134,{}
67,153,{}
67,159,{}
67,171,{}
67,190,{}
67,202,{}
67,208,{}
67,229,{}
67,233,{}
67,237,{}
67,247,{}
68,70,{}
68,83,{}
68,84,{}
68,93,{}
68,96,{}
68,98,{}
68,99,{}
68,105,{}
68,132,{}
68,138,{}
68,155,{}
68,157,{}
68,160,{}
68,161,{}
68,176,{}
68,196,{}
68,198,{}
68,230,{}
68,238,{}
69,74,{}
69,86,{}
69,90,{}
69,92,{}
69,94,{}
69,109,{}
69,121,{}
69,132,{}
69,133,{}
69,137,{}
69,143,{}
69,156,{}
69,157,{}
69,159,{}
69,173,{}
69,191,{}
69,211,{}
69,229,{}
69,238,{}
69,241,{}
69,235,{}
70,83,{}
70,104,{}
70,105,{}
70,119,{}
70,120,{}
70,125,{}
70,131,{}
70,139,{}
70,144,{}
70,157,{}
70,159,{}
70,167,{}
70,183,{}
70,187,{}
70,198,{}
70,218,{}
70,225,{}
70,227,{}
70,232,{}
71,100,{}
71,140,{}
71,144,{}
71,148,{}
71,151,{}
71,162,{}
71,163,{}
71,170,{}
71,174,{}
71,187,{}
71,213,{}
72,93,{}
72,104,{}
72,105,{}
72,116,{}
72,121,{}
72,128,{}
72,141,{}
72,228,{}
72,230,{}
72,232,{}
72,235,{}
72,236,{}
72,99,{}
73,80,{}
73,99,{}
73,107,{}
73,112,{}
73,114,{}
73,125,{}
73,141,{}
73,142,{}
73,144,{}
73,152,{}
73,153,{}
73,184,{}
73,185,{}
73,196,{}
73,204,{}
73,225,{}
74,79,{}
74,84,{}
74,98,{}
74,112,{}
74,113,{}
74,114,{}
74,124,{}
74,126,{}
74,127,{}
74,137,{}
74,141,{}
74,151,{}
74,156,{}
74,165,{}
74,172,{}
74,177,{}
74,194,{}
74,195,{}
74,198,{}
74,202,{}
74,225,{}
74,241,{}
75,81,{}
75,95,{}
75,143,{}
75,146,{}
75,176,{}
75,179,{}
75,183,{}
75,207,{}
75,215,{}
75,224,{}
75,239,{}
76,81,{}
76,128,{}
76,148,{}
76,150,{}
76,157,{}
76,172,{}
76,176,{}
76,182,{}
76,225,{}
76,230,{}
76,232,{}
76,233,{}
76,241,{}
76,247,{}
76,154,{}
77,81,{}
77,84,{}
77,86,{}
77,93,{}
77,97,{}
77,116,{}
77,122,{}
77,123,{}
77,146,{}
77,147,{}
77,162,{}
77,172,{}
77,173,{}
77,175,{}
77,188,{}
77,196,{}
77,202,{}
77,203,{}
77,212,{}
77,224,{}
77,241,{}
78,121,{}
78,136,{}
78,144,{}
78,146,{}
78,155,{}
78,158,{}
78,169,{}
78,191,{}
78,197,{}
78,201,{}
78,215,{}
78,216,{}
78,231,{}
78,241,{}
78,242,{}
79,102,{}
79,106,{}
79,117,{}
79,118,{}
79,119,{}
79,168,{}
79,189,{}
79,195,{}
79,211,{}
79,216,{}
79,217,{}
79,219,{}
79,226,{}
79,228,{}
79,233,{}
79,239,{}
79,247,{}
80,83,{}
80,101,{}
80,104,{}
80,117,{}
80,118,{}
80,122,{}
80,151,{}
80,152,{}
80,155,{}
80,165,{}
80,170,{}
80,178,{}
80,191,{}
80,195,{}
80,229,{}
81,85,{}
81,102,{}
81,103,{}
81,117,{}
81,122,{}
81,128,{}
81,154,{}
81,163,{}
81,166,{}
81,171,{}
81,181,{}
81,188,{}
81,189,{}
81,193,{}
81,211,{}
81,219,{}
81,221,{}
81,226,{}
81,230,{}
81,236,{}
81,238,{}
82,94,{}
82,97,{}
82,100,{}
82,111,{}
82,129,{}
82,150,{}
82,153,{}
82,155,{}
82,172,{}
82,173,{}
82,178,{}
82,194,{}
82,200,{}
82,215,{}
82,220,{}
83,105,{}
83,112,{}
83,122,{}
83,151,{}
83,175,{}
83,208,{}
83,223,{}
83,242,{}
84,88,{}
84,89,{}
84,94,{}
84,95,{}
84,99,{}
84,104,{}
84,113,{}
84,117,{}
84,129,{}
84,135,{}
84,140,{}
84,142,{}
84,147,{}
84,155,{}
84,161,{}
84,177,{}
84,180,{}
84,188,{}
84,189,{}
84,191,{}
84,193,{}
84,203,{}
84,211,{}
84,214,{}
84,222,{}
84,223,{}
84,226,{}
84,228,{}
85,101,{}
85,114,{}
85,129,{}
85,139,{}
85,146,{}
85,158,{}
85,163,{}
85,170,{}
85,172,{}
85,176,{}
85,211,{}
85,220,{}
85,229,{}
85,234,{}
85,238,{}
86,91,{}
86,94,{}
86,104,{}
86,138,{}
86,149,{}
86,150,{}
86,161,{}
86,166,{}
86,171,{}
86,183,{}
86,211,{}
86,214,{}
86,249,{}
87,93,{}
87,97,{}
87,103,{}
87,131,{}
87,143,{}
87,147,{}
87,162,{}
87,164,{}
87,198,{}
87,199,{}
87,213,{}
87,215,{}
87,235,{}
87,244,{}
87,246,{}
88,94,{}
88,95,{}
88,104,{}
88,127,{}
88,132,{}
88,143,{}
88,154,{}
88,167,{}
88,172,{}
88,178,{}
88,180,{}
88,185,{}
88,203,{}
88,223,{}
88,224,{}
88,237,{}
89,103,{}
89,105,{}
89,122,{}
89,124,{}
89,126,{}
89,133,{}
89,134,{}
89,151,{}
89,162,{}
89,179,{}
89,180,{}
89,181,{}
89,203,{}
89,216,{}
89,220,{}
89,224,{}
89,230,{}
89,231,{}
89,238,{}
89,248,{}
90,105,{}
90,108,{}
90,129,{}
90,145,{}
90,180,{}
90,195,{}
90,201,{}
90,230,{}
90,237,{}
91,100,{}
91,101,{}
91,102,{}
91,108,{}
91,110,{}
91,148,{}
91,183,{}
91,203,{}
91,206,{}
91,211,{}
91,222,{}
91,239,{}
91,245,{}
92,97,{}
92,103,{}
92,105,{}
92,107,{}
92,108,{}
92,122,{}
92,125,{}
92,131,{}
92,145,{}
92,146,{}
92,161,{}
92,184,{}
92,186,{}
92,190,{}
92,196,{}
92,197,{}
92,198,{}
92,210,{}
92,212,{}
92,216,{}
92,225,{}
92,232,{}
92,245,{}
93,130,{}
93,148,{}
93,157,{}
93,166,{}
93,170,{}
93,177,{}
93,203,{}
93,215,{}
93,218,{}
93,222,{}
93,225,{}
93,235,{}
93,244,{}
94,100,{}
94,124,{}
94,132,{}
94,143,{}
94,164,{}
94,173,{}
94,177,{}
94,194,{}
94,195,{}
94,247,{}
95,98,{}
95,122,{}
95,124,{}
95,128,{}
95,149,{}
95,171,{}
95,179,{}
95,187,{}
95,189,{}
95,192,{}
95,203,{}
95,212,{}
95,214,{}
95,217,{}
95,223,{}
95,233,{}
95,248,{}
96,117,{}
96,133,{}
96,151,{}
96,153,{}
96,155,{}
96,163,{}
96,167,{}
96,190,{}
96,195,{}
96,202,{}
96,203,{}
96,208,{}
96,220,{}
96,235,{}
97,101,{}
97,121,{}
97,146,{}
97,161,{}
97,170,{}
97,236,{}
97,238,{}
98,116,{}
98,124,{}
98,126,{}
98,131,{}
98,132,{}
98,136,{}
98,140,{}
98,161,{}
98,198,{}
98,203,{}
98,228,{}
98,231,{}
98,233,{}
98,247,{}
99,105,{}
99,117,{}
99,121,{}
99,126,{}
99,130,{}
99,148,{}
99,150,{}
99,172,{}
99,179,{}
99,180,{}
99,187,{}
99,233,{}
99,247,{}
99,249,{}
100,101,{}
100,115,{}
100,138,{}
100,140,{}
100,153,{}
100,156,{}
100,179,{}
100,180,{}
100,185,{}
100,195,{}
100,196,{}
100,218,{}
100,229,{}
100,232,{}
101,108,{}
101,114,{}
101,134,{}
101,148,{}
101,170,{}
101,171,{}
101,188,{}
101,192,{}
101,195,{}
101,201,{}
101,207,{}
101,209,{}
101,226,{}
101,228,{}
101,233,{}
102,105,{}
102,111,{}
102,135,{}
102,136,{}
102,137,{}
102,160,{}
102,163,{}
102,164,{}
102,184,{}
102,188,{}
102,215,{}
102,218,{}
102,241,{}
103,104,{}
103,114,{}
103,122,{}
103,130,{}
103,132,{}
103,139,{}
103,160,{}
103,177,{}
103,178,{}
103,202,{}
103,212,{}
103,216,{}
103,219,{}
103,240,{}
103,248,{}
104,106,{}
104,122,{}
104,123,{}
104,135,{}
104,142,{}
104,156,{}
104,174,{}
104,176,{}
104,227,{}
104,244,{}
105,107,{}
105,108,{}
105,109,{}
105,151,{}
105,157,{}
105,167,{}
105,169,{}
105,180,{}
105,181,{}
105,185,{}
105,211,{}
105,214,{}
105,216,{}
105,237,{}
105,242,{}
105,248,{}
106,117,{}
106,128,{}
106,149,{}
106,163,{}
106,191,{}
106,194,{}
106,214,{}
106,231,{}
106,237,{}
106,247,{}
106,248,{}
107,114,{}
107,135,{}
107,138,{}
107,147,{}
107,148,{}
107,157,{}
107,167,{}
107,168,{}
107,173,{}
107,174,{}
107,212,{}
107,213,{}
108,112,{}
108,145,{}
108,149,{}
108,150,{}
108,153,{}
108,156,{}
108,163,{}
108,184,{}
108,215,{}
108,238,{}
109,118,{}
109,129,{}
109,135,{}
109,149,{}
109,177,{}
109,190,{}
109,193,{}
109,201,{}
109,220,{}
109,221,{}
109,224,{}
109,242,{}
110,113,{}
110,118,{}
110,123,{}
110,125,{}
110,131,{}
110,134,{}
110,136,{}
110,140,{}
110,149,{}
110,169,{}
110,196,{}
110,199,{}
110,208,{}
110,213,{}
110,217,{}
110,218,{}
110,232,{}
110,233,{}
110,235,{}
110,249,{}
111,129,{}
111,145,{}
111,153,{}
111,155,{}
111,160,{}
111,182,{}
111,185,{}
111,192,{}
111,196,{}
111,198,{}
111,211,{}
111,248,{}
111,249,{}
112,150,{}
112,156,{}
112,160,{}
112,170,{}
112,191,{}
112,143,{}
113,125,{}
113,147,{}
113,165,{}
113,176,{}
113,177,{}
113,185,{}
113,209,{}
113,219,{}
113,223,{}
113,224,{}
113,239,{}
113,241,{}
113,247,{}
114,122,{}
114,166,{}
114,167,{}
114,173,{}
114,204,{}
114,209,{}
114,210,{}
114,213,{}
114,226,{}
114,229,{}
114,243,{}
115,123,{}
115,133,{}
115,138,{}
115,190,{}
115,213,{}
115,215,{}
115,220,{}
115,221,{}
115,233,{}
116,127,{}
116,169,{}
116,172,{}
116,191,{}
116,203,{}
116,214,{}
116,222,{}
116,227,{}
116,243,{}
117,120,{}
117,140,{}
117,142,{}
117,155,{}
117,164,{}
117,174,{}
117,198,{}
117,206,{}
117,207,{}
117,209,{}
117,234,{}
117,150,{}
118,129,{}
118,137,{}
118,140,{}
118,142,{}
118,144,{}
118,158,{}
118,160,{}
118,169,{}
118,172,{}
118,176,{}
118,182,{}
118,208,{}
118,211,{}
118,218,{}
118,237,{}
118,244,{}
118,248,{}
119,128,{}
119,141,{}
119,147,{}
119,152,{}
119,159,{}
119,162,{}
119,174,{}
119,177,{}
119,180,{}
119,185,{}
119,196,{}
119,201,{}
119,218,{}
119,239,{}
119,244,{}
120,121,{}
120,124,{}
120,127,{}
120,135,{}
120,149,{}
120,152,{}
120,161,{}
120,164,{}
120,167,{}
120,178,{}
120,179,{}
120,183,{}
120,227,{}
120,244,{}
121,129,{}
121,154,{}
121,159,{}
121,188,{}
121,197,{}
121,212,{}
121,220,{}
121,228,{}
121,235,{}
121,239,{}
121,241,{}
122,145,{}
122,154,{}
122,189,{}
122,190,{}
122,193,{}
122,199,{}
122,202,{}
122,210,{}
122,224,{}
122,243,{}
123,131,{}
123,137,{}
123,144,{}
123,157,{}
123,161,{}
123,163,{}
123,186,{}
123,189,{}
123,196,{}
123,220,{}
123,227,{}
123,228,{}
123,241,{}
123,245,{}
123,173,{}
124,135,{}
124,136,{}
124,142,{}
124,145,{}
124,150,{}
124,159,{}
124,172,{}
124,191,{}
124,199,{}
124,200,{}
124,205,{}
124,209,{}
124,210,{}
124,211,{}
124,218,{}
124,222,{}
124,231,{}
124,237,{}
124,245,{}
124,249,{}
125,147,{}
125,163,{}
125,175,{}
125,186,{}
125,196,{}
125,201,{}
125,208,{}
125,223,{}
125,226,{}
125,230,{}
125,239,{}
126,169,{}
126,177,{}
126,215,{}
126,227,{}
126,235,{}
126,237,{}
127,148,{}
127,165,{}
127,193,{}
127,199,{}
127,205,{}
127,216,{}
127,233,{}
127,235,{}
127,243,{}
128,130,{}
128,138,{}
128,149,{}
128,159,{}
128,172,{}
128,179,{}
128,181,{}
128,183,{}
128,192,{}
128,217,{}
128,224,{}
128,231,{}
128,232,{}
129,147,{}
129,150,{}
129,151,{}
129,160,{}
129,163,{}
129,168,{}
129,179,{}
129,181,{}
129,183,{}
129,184,{}
129,188,{}
129,209,{}
129,210,{}
129,214,{}
129,220,{}
129,236,{}
129,247,{}
130,131,{}
130,141,{}
130,143,{}
130,158,{}
130,162,{}
130,168,{}
130,172,{}
130,178,{}
130,180,{}
130,183,{}
130,201,{}
130,214,{}
130,216,{}
130,221,{}
130,227,{}
130,232,{}
130,247,{}
131,140,{}
131,155,{}
131,159,{}
131,161,{}
131,180,{}
131,183,{}
131,197,{}
131,199,{}
131,204,{}
131,211,{}
131,216,{}
131,232,{}
132,134,{}
132,146,{}
132,147,{}
132,160,{}
132,168,{}
132,169,{}
132,199,{}
132,217,{}
132,218,{}
132,224,{}
132,227,{}
132,228,{}
132,232,{}
132,235,{}
132,244,{}
132,248,{}
133,140,{}
133,141,{}
133,153,{}
133,158,{}
133,163,{}
133,170,{}
133,184,{}
133,194,{}
133,197,{}
133,219,{}
134,135,{}
134,138,{}
134,144,{}
134,159,{}
134,170,{}
134,177,{}
134,179,{}
134,193,{}
134,208,{}
134,211,{}
134,225,{}
134,232,{}
134,237,{}
134,240,{}
135,149,{}
135,155,{}
135,156,{}
135,159,{}
135,163,{}
135,172,{}
135,176,{}
135,183,{}
135,184,{}
135,219,{}
135,231,{}
135,236,{}
135,246,{}
136,143,{}
136,161,{}
136,162,{}
136,163,{}
136,177,{}
136,181,{}
136,182,{}
136,197,{}
136,209,{}
136,230,{}
136,235,{}
136,242,{}
136,248,{}
137,144,{}
137,154,{}
137,163,{}
137,168,{}
137,179,{}
137,184,{}
137,192,{}
137,216,{}
137,222,{}
137,241,{}
138,142,{}
138,156,{}
138,159,{}
138,163,{}
138,168,{}
138,172,{}
138,174,{}
138,175,{}
138,179,{}
138,186,{}
138,199,{}
138,201,{}
138,216,{}
138,219,{}
138,249,{}
139,148,{}
139,153,{}
139,172,{}
139,178,{}
139,188,{}
139,197,{}
139,201,{}
139,218,{}
139,224,{}
139,243,{}
140,158,{}
140,194,{}
140,196,{}
140,207,{}
140,214,{}
140,233,{}
140,237,{}
141,178,{}
141,181,{}
141,184,{}
141,193,{}
141,194,{}
141,198,{}
141,205,{}
141,211,{}
141,212,{}
141,216,{}
141,222,{}
141,230,{}
141,238,{}
141,241,{}
142,143,{}
142,152,{}
142,180,{}
142,190,{}
142,192,{}
142,197,{}
142,200,{}
142,215,{}
142,222,{}
142,233,{}
142,236,{}
142,242,{}
143,156,{}
143,163,{}
143,164,{}
143,170,{}
143,171,{}
143,176,{}
143,192,{}
143,199,{}
143,210,{}
143,220,{}
143,224,{}
143,236,{}
143,237,{}
144,154,{}
144,157,{}
144,185,{}
144,195,{}
144,198,{}
144,201,{}
144,236,{}
144,239,{}
144,245,{}
145,163,{}
145,166,{}
145,181,{}
145,186,{}
145,216,{}
145,222,{}
145,236,{}
146,148,{}
146,153,{}
146,167,{}
146,174,{}
146,175,{}
146,176,{}
146,183,{}
146,194,{}
146,198,{}
146,242,{}
147,149,{}
147,154,{}
147,155,{}
147,218,{}
147,243,{}
147,246,{}
148,155,{}
148,171,{}
148,175,{}
148,180,{}
148,183,{}
148,190,{}
148,195,{}
148,198,{}
148,203,{}
148,212,{}
148,217,{}
148,219,{}
148,223,{}
148,227,{}
149,158,{}
149,163,{}
149,165,{}
149,171,{}
149,175,{}
149,176,{}
149,181,{}
149,190,{}
149,194,{}
149,199,{}
149,206,{}
149,212,{}
149,215,{}
149,216,{}
149,219,{}
149,233,{}
149,235,{}
149,248,{}
150,153,{}
150,178,{}
150,195,{}
150,198,{}
150,199,{}
150,211,{}
150,212,{}
150,222,{}
150,229,{}
150,241,{}
150,246,{}
151,152,{}
151,156,{}
151,160,{}
151,170,{}
151,172,{}
151,173,{}
151,176,{}
151,180,{}
151,191,{}
151,194,{}
151,220,{}
151,222,{}
151,231,{}
151,232,{}
151,238,{}
151,241,{}
151,244,{}
152,165,{}
152,170,{}
152,171,{}
152,178,{}
152,181,{}
152,205,{}
152,210,{}
152,215,{}
152,217,{}
152,240,{}
153,155,{}
153,159,{}
153,166,{}
153,170,{}
153,173,{}
153,180,{}
153,182,{}
153,227,{}
153,228,{}
153,231,{}
153,233,{}
153,244,{}
154,157,{}
154,174,{}
154,180,{}
154,186,{}
154,192,{}
154,223,{}
154,227,{}
154,246,{}
155,163,{}
155,165,{}
155,176,{}
155,183,{}
155,202,{}
155,213,{}
155,217,{}
155,225,{}
155,244,{}
156,181,{}
156,188,{}
156,189,{}
156,192,{}
156,215,{}
156,220,{}
156,222,{}
156,224,{}
156,227,{}
156,230,{}
156,231,{}
156,239,{}
157,182,{}
157,206,{}
157,209,{}
157,238,{}
157,239,{}
157,241,{}
158,163,{}
158,174,{}
158,197,{}
158,211,{}
158,219,{}
158,228,{}
158,232,{}
158,237,{}
159,160,{}
159,161,{}
159,168,{}
159,172,{}
159,173,{}
159,185,{}
159,221,{}
160,164,{}
160,179,{}
160,192,{}
160,226,{}
160,230,{}
160,232,{}
160,244,{}
161,176,{}
161,179,{}
161,192,{}
161,193,{}
161,227,{}
161,228,{}
162,185,{}
162,205,{}
162,214,{}
162,223,{}
162,226,{}
162,227,{}
162,234,{}
162,241,{}
163,171,{}
163,177,{}
163,181,{}
163,201,{}
163,222,{}
163,240,{}
164,173,{}
164,197,{}
164,211,{}
164,217,{}
164,220,{}
164,235,{}
165,166,{}
165,172,{}
165,174,{}
165,180,{}
165,183,{}
165,184,{}
165,198,{}
165,200,{}
165,208,{}
165,209,{}
165,225,{}
165,230,{}
166,177,{}
166,188,{}
166,209,{}
166,211,{}
166,213,{}
166,229,{}
166,231,{}
166,233,{}
166,240,{}
167,179,{}
167,196,{}
167,205,{}
167,217,{}
167,219,{}
167,222,{}
167,227,{}
167,239,{}
167,247,{}
167,248,{}
168,170,{}
168,201,{}
168,203,{}
168,205,{}
168,206,{}
168,233,{}
168,235,{}
168,245,{}
169,181,{}
169,191,{}
169,192,{}
169,197,{}
169,228,{}
169,242,{}
170,187,{}
170,189,{}
170,196,{}
170,221,{}
170,231,{}
170,232,{}
170,246,{}
170,247,{}
171,190,{}
171,204,{}
171,211,{}
171,220,{}
171,230,{}
172,182,{}
172,191,{}
172,205,{}
172,219,{}
172,220,{}
172,231,{}
172,232,{}
172,235,{}
172,237,{}
173,176,{}
173,186,{}
173,198,{}
173,206,{}
174,175,{}
174,177,{}
174,185,{}
174,198,{}
174,199,{}
174,205,{}
174,212,{}
174,214,{}
174,216,{}
174,221,{}
174,230,{}
174,234,{}
174,244,{}
175,178,{}
175,187,{}
175,188,{}
175,216,{}
175,218,{}
175,225,{}
175,196,{}
176,193,{}
176,203,{}
176,207,{}
176,214,{}
176,225,{}
176,229,{}
176,246,{}
176,247,{}
177,184,{}
177,188,{}
177,219,{}
177,237,{}
177,249,{}
178,189,{}
178,195,{}
178,200,{}
178,213,{}
178,232,{}
178,236,{}
179,181,{}
179,193,{}
179,213,{}
179,224,{}
179,237,{}
179,239,{}
179,241,{}
179,246,{}
180,188,{}
180,197,{}
180,211,{}
180,228,{}
180,239,{}
180,242,{}
180,249,{}
181,182,{}
181,185,{}
181,189,{}
181,191,{}
181,216,{}
181,220,{}
181,221,{}
181,223,{}
181,228,{}
181,230,{}
181,236,{}
181,244,{}
182,219,{}
182,223,{}
182,231,{}
182,241,{}
182,242,{}
182,246,{}
183,188,{}
183,189,{}
183,195,{}
183,201,{}
183,213,{}
183,220,{}
183,221,{}
183,224,{}
183,232,{}
183,233,{}
183,243,{}
183,244,{}
183,246,{}
183,247,{}
184,196,{}
184,202,{}
184,203,{}
184,215,{}
184,222,{}
184,235,{}
184,237,{}
184,247,{}
185,192,{}
185,195,{}
185,204,{}
185,223,{}
185,230,{}
186,192,{}
186,197,{}
186,224,{}
186,245,{}
186,246,{}
187,188,{}
187,208,{}
187,240,{}
187,241,{}
188,191,{}
188,193,{}
188,213,{}
188,229,{}
188,243,{}
188,245,{}
189,197,{}
189,201,{}
189,213,{}
189,215,{}
189,224,{}
189,226,{}
189,233,{}
190,198,{}
190,205,{}
190,206,{}
190,208,{}
190,212,{}
190,213,{}
190,228,{}
191,222,{}
191,238,{}
192,199,{}
192,207,{}
192,236,{}
192,248,{}
193,203,{}
193,207,{}
193,212,{}
193,213,{}
193,221,{}
193,222,{}
193,231,{}
194,201,{}
194,208,{}
194,212,{}
194,235,{}
195,198,{}
195,216,{}
195,232,{}
195,234,{}
195,235,{}
196,208,{}
196,217,{}
196,223,{}
196,225,{}
196,231,{}
196,233,{}
196,248,{}
196,249,{}
197,219,{}
197,231,{}
197,233,{}
197,237,{}
197,238,{}
197,245,{}
198,212,{}
198,217,{}
198,218,{}
198,219,{}
198,233,{}
198,242,{}
198,243,{}
198,245,{}
199,216,{}
199,221,{}
199,232,{}
200,203,{}
200,212,{}
200,214,{}
200,234,{}
200,240,{}
200,246,{}
201,208,{}
201,216,{}
201,220,{}
201,239,{}
201,241,{}
201,248,{}
201,249,{}
202,203,{}
202,211,{}
202,217,{}
202,221,{}
202,222,{}
203,209,{}
203,217,{}
204,222,{}
204,227,{}
204,233,{}
204,246,{}
205,209,{}
205,227,{}
205,229,{}
205,236,{}
206,211,{}
206,226,{}
206,235,{}
206,236,{}
206,243,{}
206,246,{}
207,211,{}
208,214,{}
208,215,{}
208,218,{}
208,226,{}
209,218,{}
209,222,{}
209,233,{}
209,242,{}
209,247,{}
209,249,{}
210,214,{}
210,242,{}
211,215,{}
211,218,{}
211,225,{}
211,240,{}
212,230,{}
213,222,{}
213,246,{}
214,225,{}
214,239,{}
215,220,{}
215,249,{}
216,223,{}
216,225,{}
216,230,{}
217,238,{}
217,247,{}
218,238,{}
219,225,{}
219,233,{}
219,236,{}
219,237,{}
219,239,{}
219,244,{}
219,245,{}
220,229,{}
221,246,{}
222,223,{}
222,239,{}
223,231,{}
223,232,{}
223,236,{}
223,237,{}
223,238,{}
225,244,{}
226,236,{}
226,245,{}
227,236,{}
228,240,{}
228,245,{}
228,248,{}
229,231,{}
229,240,{}
230,234,{}
230,240,{}
232,236,{}
232,237,{}
232,241,{}
232,242,{}
233,236,{}
233,247,{}
234,244,{}
234,247,{}
235,242,{}
235,246,{}
236,239,{}
237,247,{}
237,249,{}
239,241,{}
239,247,{}
243,245,{}
244,246,{}
